company;facebook
Fachhochschule Salzburg GmbH;https://www.facebook.com/Fachhochschule.Salzburg
FH Campus Wien;https://www.facebook.com/FH.Campus.Wien
Diakonie Bildung gem GmbH;https://www.facebook.com/diakonieAT
Lernquadrat;https://www.facebook.com/LernQuadrat/
Danube Private University (DPU);https://www.facebook.com/danubeprivateuniversity
Senioren-Betreuung Feldkirch GmbH;https://www.facebook.com/stadtfeldkirch/
MCI Management Center Innsbruck - Internationale Hochschule GmbH;https://www.facebook.com/MCInnsbruck/
Kinder in Wien - KIWI;https://www.facebook.com/KinderInWienAT/
Universität Wien;https://www.facebook.com/univienna/
DeutschAkademie - Sprachinstitut;https://www.facebook.com/DeutschAkademie
Institut Dr. Huemer;https://www.facebook.com/institutdrhuemer/
BFI Berufsförderungsinstitut Salzburg BildungsGmbH;https://www.facebook.com/bfi.sbg
Fachhochschule Technikum Wien;https://www.facebook.com/fhtechnikumwien
Vienna International School;https://www.facebook.com/ViennaInternationalSchool/
Volksbank Akademie;https://www.facebook.com/Volksbank-Akademie-234409754044317/
allegro consulting gmbh;https://www.facebook.com/Allegro-Consulting-GmbH-241712919805843/
UNIVERSITÄT MOZARTEUM;https://www.facebook.com/UniMozarteumSalzburg
SMBS-University of Salzburg Business School, GmbH;https://www.facebook.com/smbs.fb/
Schulungszentrum Fohnsdorf;https://www.facebook.com/schulungszentrumfohnsdorf
Berlitz Austria GmbH;https://www.facebook.com/BerlitzAustria
HOLZTECHNIKUM KUCHL;https://www.facebook.com/HolztechnikumKuchl/
ibis acam Bildungs GmbH;https://www.facebook.com/ibisacam/
AlpinSchule Innsbruck GmbH;https://www.facebook.com/ASIReisen/
Fachhochschule des bfi Wien GmbH;https://www.facebook.com/FHdesbfiWien
ITSV GmbH;https://www.facebook.com/ITSVGmbH/?rf=737756476260327
ActiLingua Academy;https://www.facebook.com/actilingua.at
Stiftung Jupident;https://www.facebook.com/pages/Stiftung-Jupident/128617457211646
TU Graz;https://www.facebook.com/tugraz/
ibis acam Bildungs GmbH;https://www.facebook.com/ibisacam/
WIFI Oberösterreich GesmbH;https://www.facebook.com/wifioesterreich
Vorarlberger Landeskonservatorium GmbH;https://www.facebook.com/vorarlbergerlandeskonservatorium/
Musikschule Fröhlich;https://www.facebook.com/musikschule.froehlich
Schischule Brandnertal GmbH & Co KG;https://www.facebook.com/Schischule-Brandnertal-Gmbh-Co-KG-627229873998398/
FH OÖ Studienbetriebs GmbH;https://www.facebook.com/fhooe.at
Pädagogische Hochschule Tirol;https://www.facebook.com/phtirol
ppc training Rath & Artner GmbH;https://www.facebook.com/ppctraininggmbh?fref=ts
FH OÖ IT GmbH / FH Oberösterreich;https://www.facebook.com/fhooe.at
Kunstuniversität Linz;https://www.facebook.com/KunstuniLinz/
Fachhochschule Wiener Neustadt für Wirtschaft und Technik;https://www.facebook.com/fhwnfan
bfi Berufsförderungsinstitut;https://www.facebook.com/bbrz.at/
borisgloger training KG;https://www.facebook.com/borisglogerconsulting/
Technische Universität Wien;https://www.facebook.com/tuwien/
CAMPUS 02 Fachhochschule der Wirtschaft GmbH;https://www.facebook.com/FHCAMPUS02/
Fahrschule Mayer GmbH;https://www.facebook.com/Fahrschule-Mayer-Graz-1435639003339896/
FH Gesundheitsberufe OÖ GmbH;https://www.facebook.com/fhgesundheitsberufe.at
Berufsförderungsinstitut Österreich;https://www.facebook.com/bfi.sbg
KMU Akademie & Management AG;https://www.facebook.com/KMUAkademie/
OeAD (Österreichische Austauschdienst)-Gesellschaft mit beschränkter Haftung;https://www.facebook.com/OeAD.worldwide/
The Language Company Sprachinstitut;https://www.facebook.com/The-Language-Company-Sprachinstitut-gmbh-515396431815755/
Education Group GmbH;https://www.facebook.com/Edugroup/
Pädagogische Hochschule Salzburg;https://www.facebook.com/phsstefanzweig
Akademie der bildenden Künste Wien;https://www.facebook.com/akbild.ac.at
Alpen-Adria-Universität Klagenfurt;https://www.facebook.com/uniklagenfurt/
FH OÖ Studienbetriebs GmbH;https://www.facebook.com/fhooe.at
Anton Bruckner Privatuniversität Linz;https://www.facebook.com/Bruckneruni/
LearnChamp Consulting GmbH;https://www.facebook.com/learnchamp
Kieser Training;https://www.facebook.com/KieserTrainingGlobal/
FH OÖ Forschungs und Entwicklungs GmbH;https://www.facebook.com/fhooe.at
Mobile Nachhilfe - Mag. Kügerl Bildungsmanagement OEG;https://www.facebook.com/mobilenachhilfe.wien.graz.linz.salzburg.innsbruck/
Teach For Austria gemeinnützige GmbH;https://www.facebook.com/teachforaustria
Collegium Bernardi - Privatgymnasium Mehrerau;https://www.facebook.com/CollegiumBernardi
Universität Liechtenstein;https://www.facebook.com/uni.li
DeutschAkademie Sprachschule GmbH;https://www.facebook.com/DeutschAkademie
die Berater;https://www.facebook.com/dieberater/
AMADEUS – International School Vienna;https://www.facebook.com/AMADEUS.VIENNA/
music support group GmbH / Deutsche POP;https://www.facebook.com/deutschepop
Augustinum - Bischöfliches Zentrum;https://www.facebook.com/Augustinum/
Paracelsus Medizinische Privatuniversität;https://www.facebook.com/ParacelsusMedizinischePrivatuniversitaet
Fachhochschule KufsteinTirol GmbH;https://www.facebook.com/fhkufstein
BZL - Bildungszentrum Lenzing GmbH;https://www.facebook.com/BZLGmbH/
SCHULVEREIN SACRE COEUR RIEDENBURG;https://www.facebook.com/schulenriedenburg/?fref=ts
Roadstars GmbH für Verkehr und Mobilität;https://www.facebook.com/RoadstarsDieFahrschule/
Karl Landsteiner Privatuniversität für Gesundheitswissenschaften;https://www.facebook.com/klprivatuniversitaet/?fref=ts
GIP Gemeinnützige Projekt GmbH;https://www.facebook.com/GiP-Kinderbildung-108561457525665/
Schülerhilfe Spittal/Drau;https://www.facebook.com/Schuelerhilfe.Oesterreich
UZH Universität Zürich;https://www.facebook.com/uzh.ch
Bildungshaus Batschuns;https://www.facebook.com/BildungshausBatschuns/
Die Wiener Volkshochschulen GmbH;https://www.facebook.com/vhs.wien/
THD - Technische Hochschule Deggendorf;https://www.facebook.com/HochschuleDeggendorf
LFI Ländliches Fortbildungsinstitut Tirol;https://www.facebook.com/LKtirol
bfi-work4me / bfi Wien Berufsförderungsinstitut Wien;https://www.facebook.com/wien.bfi/
Fahrschule Breuss;https://www.facebook.com/easydriversfahrschulen
Hochschule Weihenstephan-Triesdorf;https://www.facebook.com/hswt.de
Wirtschaftsuniversität Wien;https://www.facebook.com/wu.wirtschaftsuniversitaet.wien
Skischule Lech GmbH & CoKG;https://www.facebook.com/SkischuleLech
bit schulungscenter Nfg GmbH & Co KG;https://www.facebook.com/bitgruppe/?ref=page_internal
St. Nikolaus-Kindertagesheimstiftung;https://www.facebook.com/nikolausstiftung
Universität Mozarteum Salzburg;https://www.facebook.com/UniMozarteumSalzburg
FH St. Pölten GmbH / Fachhochschule St. Pölten GmbH;https://www.facebook.com/fhstp
Vereinigung von Ordensschulen Österreichs;https://www.facebook.com/vereinigungvonordensschulen/
BBRZ Österreich;https://www.facebook.com/bbrz.at/
BBRZ REHA GmbH;https://www.facebook.com/bbrz.at/
Maturaschule - Institut Dr. Rampitsch - Mera Bildungsholding;https://www.facebook.com/maturaschule/
BFI Tirol;https://www.facebook.com/Like.BFI.Tirol/
Sigmund Freud PrivatUniversität;https://www.facebook.com/sfuvienna
ARS Akademie für Recht und Steuern;https://www.facebook.com/ars.akademie/
Interlingua Language Services;https://www.facebook.com/InterlinguaWien
Lebenshilfe Wien - Verein für Menschen mit intellektueller Beeinträchtigung;https://www.facebook.com/Lebenshilfe.Wien
Integra Vorarlberg gem. GmbH;https://www.facebook.com/IntegraVorarlberg/?ref=page_internal
Webster Vienna Private University;https://www.facebook.com/WebsterVienna/
bfi Steiermark - Geschäftsführung;https://www.facebook.com/bfisteiermark/
Medizinische Universität Graz;https://www.facebook.com/medunigraz/
Technische Universität Graz;https://www.facebook.com/tugraz/
zam Steiermark GmbH;https://www.facebook.com/zamsteiermark/
Johannes Kepler Universität Linz;https://www.facebook.com/jku.edu
Anton Bruckner Privatuniversität;https://www.facebook.com/Bruckneruni/
Schloss Hofen;https://www.facebook.com/schlosshofen
IMC Fachhochschule Krems;https://www.facebook.com/imcfhkrems/
Forum für medizinische Fortbildung FomF GmbH;https://www.facebook.com/forummedizinischefortbildung/?pageid=271530962884011&ftentidentifier=3100891213281291&padding=0
Technische Universität Graz;https://www.facebook.com/tugraz/
Universität Wien Zentraler Informatikdienst;https://www.facebook.com/ziduniwien/
BFI der AK Vorarlberg GmbH;https://www.facebook.com/bfi.vorarlberg
Jugend am Werk - Lehrbetrieb Technologiezentrum;https://www.facebook.com/JugendamWerk
Technische Universität Braunschweig;https://www.facebook.com/tubraunschweig/
WIFI ÖFA GmbH;https://www.facebook.com/wifi.ooe/
imh GmbH;https://www.facebook.com//imh.konferenzen.seminare
Masterplan com GmbH;https://www.facebook.com/masterplanCOM/
Institut Sitya;https://www.facebook.com/SITYA.Institut/
Universität für Musik und darstellende Kunst Graz (KUG);https://www.facebook.com/KunstuniKUG/
Fachhochschule Wiener Neustadt für Wirtschaft und Technik;https://www.facebook.com/fhwnfan
FH Wien der WKW;https://www.facebook.com/PWOEfhwien/
autArK Integrationsfachdienst;https://www.facebook.com/autArK.Vielfalt/
Donau-Universität Krems;https://www.facebook.com/donau.uni/
BBRZ GRUPPE;https://www.facebook.com/bbrz.at/
IUBH Internationale Hochschule GmbH;https://www.facebook.com/iubh.campusstudies/
Wohn- und Pflegeheime der Stadt Hall;https://www.facebook.com/heime.hall/
slw Kindergarten;https://www.facebook.com/slw.austria
GiP Kinderbildungs GmbH;https://www.facebook.com/GiP-Kinderbildung-108561457525665/
ALEA + PARTNER GMBH – aleaPRO;https://www.facebook.com/alea.co.at/
Schulverein Barmherzige Schwestern Innsbruck - Gymnasium Kettenbrücke;https://www.facebook.com/sanatorium.kettenbruecke/
CS Caritas Socialis GmbH / CS Kinderbetreuungs GmbH;https://www.facebook.com/caritassocialis
Volkshilfe Arbeitswelt GmbH;https://www.facebook.com/Volkshilfe.OOE
Kindergarten Sorgenlos im Katharinenhof;https://www.facebook.com/kigasorgenlos
Fachhochschule Oberösterreich;https://www.facebook.com/fhooe.at
If • Institut Für Familienförderung;https://www.facebook.com/familienfoerderung/
FH OÖ Studienbetriebs GmbH;https://www.facebook.com/fhooe.wels
FH OÖ forschungs- & Entwicklungs GmbH;https://www.facebook.com/fhooe.at
Zebra Die Fahrschule;https://www.facebook.com/fahrschulezebrasalzburg/
BOKU Universität für Bodenkultur;https://www.facebook.com/bokuvienna/
Fachhochschule Technikum Kärnten;https://www.facebook.com/FHKaerntenCUAS
Österreichische Akademie der Wissenschaften (ÖAW);https://www.facebook.com/oeaw.at/
BAUAkademie Lehrbauhof Salzburg;https://www.facebook.com/BAUAkademieSBG/?ref=page_internal
Universität für Musik und darstellende Kunst Wien;https://www.facebook.com/mdwwien
KTU Katholisch-Theologische Privatuniversität Linz;https://www.facebook.com/KatholischePrivatUniLinz/
Privatuniversität Schloss Seeburg;https://www.facebook.com/PrivatuniSchlossSeeburg
Montanuniversität Leoben;https://www.facebook.com/MULeoben/
Schule für Sozialbetreuungsberufe Bregenz;https://www.facebook.com/SOB-Bregenz-Schule-f%C3%BCr-Sozialbetreuungsberufe-500136100374663/
Veterinärmedizinische Universität Wien;https://www.facebook.com/Vetmeduni.Vienna/
Fachhochschule Weihenstephan;https://www.facebook.com/hswt.de
Universität für angewandte Kunst Wien;https://www.facebook.com/dieangewandte/?fref=ts
FH JOANNEUM Gesellschaft mbH;https://www.facebook.com/fhjoanneum
Universität Salzburg;https://www.facebook.com/unisalzburg
Technische Hochschule Rosenheim;https://www.facebook.com/THRosenheim/
Technische Universität Wien -TU Wien- / Vienna University of Technology;https://www.facebook.com/tuwien/
Fachhochschule Technikum Kärnten;https://www.facebook.com/FHKaerntenCUAS
SNP Schneider-Neureither und Partner AG;https://www.facebook.com/SNPSchneiderNeureitherPartnerSE/
Universität Mannheim;https://www.facebook.com/UniMannheim/
Diakonisches Institut für Soziale Berufe - Berufsfachschule für Altenpflege Dornstadt;https://www.facebook.com/Diakonisches-Institut-f%C3%BCr-Soziale-Berufe-140415756016734/
Minihaus München;https://www.facebook.com/minihaus.muenchen/
Hochschule Bremen;https://www.facebook.com/HSB.HochschuleBremen/
Ostfalia Hochschule für angewandte Wissenschaften;https://www.facebook.com/Ostfalia.Hochschule.fuer.angewandte.Wissenschaften
Hochschule RheinMain;https://www.facebook.com/HSRheinMain
Hochschule Kempten - Hochschule für angewandte Wissenschaften / Professional School of Business & Technology;https://www.facebook.com/hs.kempten
Horváth & Partner;https://www.facebook.com/horvathpartners
Kindergärten NordOst;https://www.facebook.com/kigaeno
Technische Universität München TUM;https://www.facebook.com/TU.Muenchen
SCMT Steinbeis Center of Management and Technology GmbH;https://www.facebook.com/SCMT.GmbH/
IST-Studieninstitut GmbH;https://www.facebook.com/IST.Studieninstitut/
Hochschule für angewandte Wissenschaften Augsburg;https://www.facebook.com/hochschule.augsburg/
Hochschule Worms;https://www.facebook.com/hochschuleworms/
WHU - Otto Beisheim School of Management;https://www.facebook.com/visit.WHU/
Alice-Salomon-Hochschule Berlin;https://www.facebook.com/ashbln/
Staatliche Akademie der Bildenden Künste Stuttgart;https://www.facebook.com/kunstakademiestuttgart
Universität Bielefeld;https://www.facebook.com/BielefeldUniversity/
Hochschule Fulda;https://www.facebook.com/hsfulda
Universität Wien;https://www.facebook.com/univienna/
St.Joseph-Krankenhaus;https://www.facebook.com/SJKBerlin/
S-W-E-P / Spanish Work Exchange Programme;https://www.facebook.com/spanishworkexchangeprogramme/
Freie Universität Bozen;https://www.facebook.com/unibz
Technische Universität Clausthal;https://www.facebook.com/TU.Clausthal/
Hochschule Konstanz HTWG;https://www.facebook.com/HTWGkonstanz/
Brandenburgische Technische Universität Cottbus-Senftenberg;https://www.facebook.com/btucs
Phorms Education SE;https://www.facebook.com/phorms
Kinderhaus Atem Reich;https://www.facebook.com/KinderhausAtemReich/
IHK-Akademie;https://www.facebook.com/ihk.akademie.muenchen.oberbayern/
UAS Frankfurt University of Applied Sciences;https://www.facebook.com/FrankfurtUAS
MSH Medical School Hamburg Fachhochschule für Gesundheit und Medizin;https://www.facebook.com/MSHMedicalSchoolHamburg
KVJS - Kommunalverband für Jugend und Soziales Baden-Württemberg;https://www.facebook.com/KVJS-Kommunalverband-f%C3%BCr-Jugend-und-Soziales-Baden-W%C3%BCrttemberg-469148043165037/
telc GmbH;https://www.facebook.com/telcLanguageTests
CAU Christian-Albrechts-Universität zu Kiel;https://www.facebook.com/kieluni
Technische Universität Ilmenau;https://www.facebook.com/TU.Ilmenau
BerufsBildungsWerk Greifswald;https://www.facebook.com/BerufsBildungsWerkGreifswald/
Alfatraining Bildungszentrum Gmbh;https://www.facebook.com/alfatraining.de
Jacobs University Bremen gGmbH;https://www.facebook.com/jacobs.university
Julius-Maximilians-Universität Würzburg KöR;https://www.facebook.com/uniwue/
Universität Duisburg-Essen;https://www.facebook.com/paluno/?ref=page_internal
KRAFT GmbH;https://www.facebook.com/kraftlebenslanglernen/?ref=aymt_homepage_panel&eid=ARDeENvjZXM4ziJ4f8aL20Dyo2M7QPIzoHSPrRUave3FNOKUewt9HBGHaWMeYguISdKQdDeVDkDvb_k9
Hochschule für Wirtschaft und Umwelt Nürtingen-Geislingen;https://www.facebook.com/hfwu.de/
Technische Universität Berlin;https://www.facebook.com/TU.Berlin
Kukita GmbH & Co. KG;https://www.facebook.com/kukita.kinderbetreuung/
Kolping-Mainfranken GmbH - Kolping-Akademie Würzburg;https://www.facebook.com/kolpingakademie/
Hochschule Ravensburg-Weingarten;https://www.facebook.com/rw.university/
Otto-Friedrich-Universität Bamberg;https://www.facebook.com/UniBamberg/
Hochschule Anhalt;https://www.facebook.com/HochschuleAnhalt/
Leuphana Universität Lüneburg;https://www.facebook.com/Leuphana/
THM Technische Hochschule Mittelhessen;https://www.facebook.com/THM.StudiumPlus
Rheinische Friedrich-Wilhelms-Universität Bonn;https://www.facebook.com/unibonn
Hochschule für Künste Bremen;https://www.facebook.com/HfKBremen/
Technische Hochschule Mittelhessen - University of Applied Sciences - THM Business School;https://www.facebook.com/thm.de/
Wismar International Graduation Service GmbH;https://www.facebook.com/WingsFernstudium
Hochschule Hannover;https://www.facebook.com/HsHannover/
Dominikus-Ringeisen-Werk;https://www.facebook.com/DominikusRingeisenWerk/
Internationale Berufsakademie der F+U Unternehmensgruppe gGmbH;https://www.facebook.com/ibaDual/
Hessische Hochschule für Polizei und Verwaltung;https://www.facebook.com/profile.php?id=182945515077494
Internationale Berufsakademie der F+U Unternehmensgruppe gGmbH;https://www.facebook.com/ibaDual/
International School of Management (ISM) GmbH;https://www.facebook.com/ISM.Hochschule/
Technische Universität Kaiserslautern;https://www.facebook.com/TUKaiserslautern
Humboldt-Universität zu Berlin;https://www.facebook.com/humboldtuni/
Fachhochschule Potsdam - University of Applied Sciences;https://www.facebook.com/FachhochschulePotsdam
Alpen-Adria-Universität Klagenfurt;https://www.facebook.com/uniklagenfurt/
KWA Stift Rosenau;https://www.facebook.com/kwa.wohnstifte
Kolping-Bildungszentrum Schweinfurt GmbH;https://www.facebook.com/Kolping-Schweinfurt-608502109225654/
educcare Bildungskindertagesstätten gGmbH;https://www.facebook.com/educcare
Sodexo Services GmbH;https://www.facebook.com/SodexoDE/
Katholische Universität Eichstätt-Ingolstadt;https://www.facebook.com/uni.eichstaett
Lernstudio Barbarossa / MegaKids Computerschule GmbH;https://www.facebook.com/Lernstudio.Barbarossa.Kaiserslautern/?ref=page_internal
All for One Group AG;https://www.facebook.com/AllforOneGroupSE/
Evangelische Schulstiftung in der EKBO;https://www.facebook.com/SchulstiftungEKBO/
Hochschule Darmstadt - University of Applied Sciences;https://www.facebook.com/hochschuleda
Martin-Luther-Universität Halle-Wittenberg;https://www.facebook.com/unihalle
Schulhaus Unternehmensgruppe - Nachhilfe - Catering - Nachmittagsbetreuung gGmbH;https://www.facebook.com/Nachmittagsbetreuung.gGmbH/
Fachhochschule Südwestfalen;https://www.facebook.com/fhsuedwestfalen/
Ernst-Moritz-Arndt-Universität Greifswald;https://www.facebook.com/Uni.Greifswald.de/timeline/
Internationale Hochschule für Wirtschaft, Technik und Kultur gGmbH;https://www.facebook.com/IHWTK
Universität Rostock;https://www.facebook.com/universitaet.rostock/
AWO Kreisverband München-Land e.V.;https://www.facebook.com/AWO-Kreisverband-M%C3%BCnchen-Land-eV-504088979612444/
Hochschule Bochum;https://www.facebook.com/HochschuleBochum
DeutschAkademie Sprachschule GmbH;https://www.facebook.com/DeutschAkademie
Fachhochschule Südwestfalen;https://www.facebook.com/fhsuedwestfalen/
Universität Koblenz-Landau;https://www.facebook.com/uni.koblenz.landau/
Elly & Stoffl;https://www.facebook.com/ellyundstoffl
Hochschule für Angewandte Wissenschaften Hof;https://www.facebook.com/HochschuleHof/
IUBH Internationale Hochschule GmbH;https://www.facebook.com/iubh.fernstudium/
Zeppelin Universität gemeinnützige GmbH;https://www.facebook.com/ZeppelinUni/
Westfälische Hochschule - Gelsenkirchen Bocholt Recklinghausen - University of Applied Sciences;https://www.facebook.com/westf.hochschule
Teach First Deutschland gemeinnützige GmbH;https://www.facebook.com/begeistert.fuer.bildung
Universität Stuttgart;https://www.facebook.com/Universitaet.Stuttgart
Hochschule Geisenheim;https://www.facebook.com/hsgeisenheim/
Universität Duisburg-Essen (UDE) - Campus Essen;https://www.facebook.com/uni.due
Ausbildungszentrum für Verwaltung / FHVD Fachhochschule für Verwaltung und Dienstleistung;https://www.facebook.com/profile.php?id=110622092298847
Universität Osnabrück;https://www.facebook.com/uniosnabrueck
MBS Baumarkt Service GmbH;https://www.facebook.com/hagebaumarktMUC/?fref=ts
Hochschule für angewandte Wissenschaften Ansbach;https://www.facebook.com/studieren.in.franken/
Schulwerk der Diözese Augsburg;https://www.facebook.com/bistumaugsburg
DHBW Duale Hochschule Baden-Württemberg Heilbronn;https://www.facebook.com/dhbwheilbronn/
IST-Hochschule für Management GmbH;https://www.facebook.com/IST.Studieninstitut/
Technische Hochschule Nürnberg Georg Simon Ohm;https://www.facebook.com/thnuernberg
UZH Universität Zürich;https://www.facebook.com/uzh.ch
Hochschule Koblenz;https://www.facebook.com/HochschuleKoblenz
Technische Hochschule Ingolstadt;https://www.facebook.com/thingolstadt
Bamberger Bildungszentrum für Altenhilfe;https://www.facebook.com/bamberger.akademie
THD - Technische Hochschule Deggendorf;https://www.facebook.com/HochschuleDeggendorf
Universität Konstanz;https://www.facebook.com/unikonstanz/
Hochschule für Musik Nürnberg;https://www.facebook.com/Hochschule-f%C3%BCr-Musik-N%C3%BCrnberg-165110576869963/
Technische Hochschule Wildau / Technical University of Applied Sciences Wildau;https://www.facebook.com/THWildauPage
SterniPark GmbH;https://www.facebook.com/sterniparkkinderhaeuser/
Universität Ulm;https://www.facebook.com/UniUlm
Hochschule Esslingen;https://www.facebook.com/hochschule.es
Schule für Gesundheitsberufe, Eine Einrichtung der Christophorus Kliniken Coesfeld;https://www.facebook.com/ChristophorusKliniken/
ZHAW Zürcher Hochschule für angewandte Wissenschaften;https://www.facebook.com/zhaw.ch/
BEST-Sabel-Fachhochschule Berlin;https://www.facebook.com/bestsabelgmbh/
Friedrich-Schiller-Universität Jena;https://www.facebook.com/UniJena/
TÜV NORD Bildung GmbH & Co. KG;https://www.facebook.com/tuevnordde/
Deutsches Institut für Erwachsenenbildung Leibniz-Zentrum für Lebenslanges Lernen e.V. / German Institute for Adult Education Leibniz Centre for Lifelong Learning;https://www.facebook.com/diebonn.de
Hochschule Weihenstephan-Triesdorf;https://www.facebook.com/hswt.de
HSR Hochschule für Technik Rapperswil;https://www.facebook.com/ostschweizerfachhochschule/
Technische Hochschule Lübeck;https://www.facebook.com/technische.hochschule.luebeck/
Wirtschaftsuniversität Wien;https://www.facebook.com/wu.wirtschaftsuniversitaet.wien
Zweckverband Katholische Tageseinrichtungen für Kinder im Bistum Essen;https://www.facebook.com/kitazweckverband/?ref=page_internal
Universität Rostock;https://www.facebook.com/universitaet.rostock/
BERUFSBILDUNGSWERK SÜDHESSEN gGmbH;https://www.facebook.com/bbwSuedhessenBerufsbildungswerk
SAFS & BETA KG;https://www.facebook.com/safsbeta
IKF GmbH;https://www.facebook.com/stiftungicpmuenchen/
Klinik Bavaria Bad Kissingen;https://www.facebook.com/klinikbavaria.de/?lala=1
Stiftung Tierärztliche Hochschule Hannover;https://www.facebook.com/tihohannover/
TÜV SÜD Rail GmbH;https://www.facebook.com/tuvsudSA/
Paritätische Schulen für soziale Berufe gGmbH;https://www.facebook.com/pari.schulen/
Regionalverband Ruhr - Metropole Ruhr;https://www.facebook.com/RVR.Ruhr
ICP Gruppe München / ICP München Integrationszentrum für Cerebralparese;https://www.facebook.com/stiftungicpmuenchen/
Stiftung Universität Hildesheim;https://www.facebook.com/UniHildesheim/
IUBH Internationale Hochschule GmbH;https://www.facebook.com/iubh.dualesstudium/
B.i.b. International College - B.i.b. Bildungszentrum Für Informationsverarbeitende Berufe E. V.;https://www.facebook.com/bib.International.College/
dispo-Tf education GmbH;https://www.facebook.com/dispoTf.Education/
Internationaler Bund Berlin-Brandenburg gGmbH;https://www.facebook.com/InternationalerBund
Schülerhilfe GmbH & Co. KG;https://www.facebook.com/Schuelerhilfe/
Phorms Campus München;https://www.facebook.com/phorms
Hochschule für Polizei Baden-Württemberg;https://www.facebook.com/PolizeiDerBeruf
Technische Universität Dresden;https://www.facebook.com/TUDresden
Universität Siegen;https://www.facebook.com/unisiegen/
Ernst-Abbe-Hochschule Jena;https://www.facebook.com/EAHJena/
eLearning Manufaktur GmbH;https://www.facebook.com/bildungsinnovator/
Internationale Berufsakademie;https://www.facebook.com/ibaDual/
Dienst!AG;https://www.facebook.com/losberatung
Technische Universität Dresden;https://www.facebook.com/TUDresden
Hochschule München;https://www.facebook.com/HochschuleMuenchen
Technische Hochschule Köln;https://www.facebook.com/technischehochschulekoeln
Hochschule für Wirtschaft und Recht (HWR) Berlin;https://www.facebook.com/bps.hwrberlin/
IUBH Internationale Hochschule GmbH;https://www.facebook.com/iubh.dualesstudium/
Kolping-Bildungswerk im Erzbistum Bamberg e. V.;https://www.facebook.com/kolpingbildung?sk=timeline
MFZ Münchner Förderzentrum GmbH;https://www.facebook.com/stiftungicpmuenchen/
Hochschule für angewandtes Management;https://www.facebook.com/besserstudieren
German University in Cairo (GUC);https://www.facebook.com/GUC.Official/
karriere tutor GmbH;https://www.facebook.com/karrieretutor/
iba Internationale Berufsakademie der F+U Unternehmensgruppe gGmbH;https://www.facebook.com/ibaDual/
Duale Hochschule Gera-Eisenach;https://www.facebook.com/Duale.Hochschule.Gera.Eisenach.Official/
Evangelische Hochschule Dresden;https://www.facebook.com/ehsdresden
Hochschule für angewandtes Management GmbH;https://www.facebook.com/besserstudieren
Hochschule Osnabrück;https://www.facebook.com/hs.osnabrueck
Studienkreis Die Nachhilfe - Studienkreis Partnersysteme GmbH;https://www.facebook.com/Studienkreis
Ludwig Fresenius Schulen;https://www.facebook.com/LudwigFreseniusSchulen/
Hochschule München - Hochschule für angewandte Wissenschaften München;https://www.facebook.com/HochschuleMuenchen
Technische Universität Graz;https://www.facebook.com/tugraz/
Macromedia GmbH - Hochschule und Akademie;https://www.facebook.com/macromedia.akademie#!/macromedia.akademie
Technische Universität Braunschweig;https://www.facebook.com/tubraunschweig/
Technische Universität Chemnitz;https://www.facebook.com/TUChemnitz
Pfennigparade Phoenix Schulen und Kitas GmbH;https://www.facebook.com/PhoenixForderzentrum/
Westfälische Hochschule Campus Bocholt Fachbereich Wirtschaft & Informationstechnik;https://www.facebook.com/westf.hochschule
Freie Universität Berlin;https://www.facebook.com/freieuniversitaetberlin/?ref=hl
INN-tegrativ gGmbH;https://www.facebook.com/INNtegrativ/
Gesellschaft für Personalentwicklung und Bildung mbH;https://www.facebook.com/gpbberlin/?ref=page_internal
Fachhochschule Südwestfalen;https://www.facebook.com/fhsuedwestfalen/
DHBW Duale Hochschule Baden-Württemberg Mosbach;https://www.facebook.com/dhbwmosbach.home/
Universität Freiburg - Technische Fakultät;https://www.facebook.com/technischefakultaet/
Technische Universität München;https://www.facebook.com/TU.Muenchen
Hochschule Magdeburg-Stendal (FH);https://www.facebook.com/hsmagdeburg
Hochschule Ostwestfalen-Lippe;https://www.facebook.com/THOWL
Universität für Musik und darstellende Kunst Graz (KUG);https://www.facebook.com/KunstuniKUG/
Universitätsklinikum Tübingen;https://www.facebook.com/uniklinikum.tuebingen/
Wbs Training Ag - WBS Gruppe;https://www.facebook.com/wbsfanwerden
Justus-Liebig-Universität Gießen Institut für Lebensmittelchemie und Lebensmittelbiotechnologie;https://www.facebook.com/jlu.giessen/
DeepL GmbH;https://www.facebook.com/DeepLcom/
IUBH Internationale Hochschule GmbH;https://www.facebook.com/iubh.dualesstudium/
TÜV Rheinland AG;https://www.facebook.com/TUVRheinlandProductSafety/
Donau-Universität Krems;https://www.facebook.com/donau.uni/
Anderwerk GmbH;https://www.facebook.com/anderwerk.muenchen/
Studienkreis GmbH;https://www.facebook.com/Studienkreis
Wichtel Akademie München GmbH;https://www.facebook.com/Wichtelakademie
Universität Stuttgart;https://www.facebook.com/Universitaet.Stuttgart
Rudolf Presl GmbH & Co. Klinik Bavaria Rehabilitations KG;https://www.facebook.com/bavariaklinik
Evangelische Hochschule Rheinland-Westfalen-Lippe;https://www.facebook.com/Evangelische-Hochschule-RWL-in-Bochum-211712576251008/
Evangelische Schulsiftung;https://www.facebook.com/EvangelischeSchulstiftung/
Freie Universität Berlin;https://www.facebook.com/freieuniversitaetberlin/?ref=hl
IUBH Internationale Hochschule GmbH;https://www.facebook.com/iubh.fernstudium/
Freie Universität Berlin;https://www.facebook.com/freieuniversitaetberlin/?ref=hl
Justus-Liebig-Universität Giessen;https://www.facebook.com/jlu.giessen/
maxQ. im bfw – Unternehmen für Bildung;https://www.facebook.com/max.qool/
Georg-August-Universität Göttingen;https://www.facebook.com/georgiaaugusta
Universität Heidelberg;https://www.facebook.com/uniheidelberg/
BVZ GmbH - BVZ-Frankfurt;https://www.facebook.com/BVZGmbH/
Klinikum Westmünsterland GmbH;https://www.facebook.com/klinikum.westmuensterland/
Unternehmensgruppe Atoma-multipond;https://www.facebook.com/multipondgroup/
iba - Internationale Berufsakademie der F+U Unternehmensgruppe gGmbH;https://www.facebook.com/ibaDual/
KiTA-Zentrum St.Simpert;https://www.facebook.com/bistumaugsburg
Denk mit! Kinderbetreuungseinrichtungen GmbH & Co. KG;https://www.facebook.com/DenkmitKinderbetreuungseinrichtungen/
Technische Hochschule Ostwestfalen-Lippe;https://www.facebook.com/THOWL
Technische Universität München Referat 46 Gebäudemanagement;https://www.facebook.com/TU.Muenchen
Hochschule Düsseldorf;https://www.facebook.com/hsduesseldorf
Hochschule Schmalkalden;https://www.facebook.com/fachhochschule
Universität Trier;https://www.facebook.com/uni.trier/
TH Köln;https://www.facebook.com/technischehochschulekoeln
Wbs Gruppe;https://www.facebook.com/wbsfanwerden
Hochschule für Wirtschaft, Technik und Kultur (HWTK);https://www.facebook.com/IHWTK
Hochschule für angewandte Wissenschaften München;https://www.facebook.com/HochschuleMuenchen
Universität Greifswald;https://www.facebook.com/Uni.Greifswald.de/timeline/
Technische Universität Hamburg;https://www.facebook.com/tuhamburg
Kunsthochschule für Medien Köln;https://www.facebook.com/kunsthochschulefuermedien
Hochschule Rhein-Waal;https://www.facebook.com/hochschulerheinwaal
plusYOU GmbH;https://www.facebook.com/plusyougmbh/
SRH Berufliches Trainingszentrum Rhein-Neckar gGmbH;https://www.facebook.com/BTZRheinNeckar/
RWTH Aachen University;https://www.facebook.com/RWTHAachenUniversity/
Universitätsmedizin Tübingen;https://www.facebook.com/uniklinikum.tuebingen/
Technische Universität Darmstadt;https://www.facebook.com/tudarmstadt/
Von Steig Mentoring Und Beratung;https://www.facebook.com/vonsteig/
Universität Heidelberg;https://www.facebook.com/uniheidelberg/
Hertie School of Governance;https://www.facebook.com/thehertieschool
Technische Hochschule Aschaffenburg;https://www.facebook.com/THAschaffenburg
Wolter - Hoppenburg;https://www.facebook.com/Wolter-Hoppenberg-280924318604856/
AWO pro mensch gGmbH;https://www.facebook.com/AWOLandesverbandBerlin
Rhön-Klinikum Campus Bad Neustadt;https://www.facebook.com/rhoen.klinikum.campus/
FOM Hochschule für Berufstätige, Ökonomie & Management gemeinnützige GmbH;https://www.facebook.com/fom
IUBH Internationale Hochschule GmbH;https://www.facebook.com/iubh.dualesstudium/
HOCHSCHULE für Angewandte Wissenschaften - Fachhochschule LANDSHUT;https://www.facebook.com/HAW.Landshut/
IUBH Internationale Hochschule GmbH;https://www.facebook.com/iubh.fernstudium/
Hochschule für Angewandte Wissenschaften - Hochschule Neu-Ulm;https://www.facebook.com/HochschuleNeuUlm
Wiesbadener Jugendwerkstatt GmbH Domäne Mechtildshausen, WJW GmbH;https://www.facebook.com/Wiesbadener-Jugendwerkstatt-171340796882802
Nordwest-zeitung Verlagsgesellschaft Mh Und Co. Kg;https://www.facebook.com/nwzonline
Universität Leipzig;https://www.facebook.com/unileipzig/
Leibniz Universität Hannover;https://www.facebook.com/unihannover/
IUBH Internationale Hochschule GmbH - Campus Frankfurt a. M.;https://www.facebook.com/iubh.fernstudium/
Universität für Musik und darstellende Kunst Wien;https://www.facebook.com/mdwwien
Hochschule Mannheim;https://www.facebook.com/HochschuleMannheim
Katholische Hochschule Nordrhein-Westfalen;https://www.facebook.com/KatHO.NRW/
Hochschule Heilbronn;https://www.facebook.com/hochschule.heilbronn/
Niedersächsisches Studieninstitut für kommunale Verwaltung e.V.;https://www.facebook.com/nsi.hsvn/
Universität Stuttgart;https://www.facebook.com/Universitaet.Stuttgart
Hochschule Hamm-Lippstadt;https://www.facebook.com/Hochschule.Hamm.Lippstadt/
Provadis School of International Management and Technology;https://www.facebook.com/provadishochschule
Hochschule für öffentliche Verwaltung Kehl;https://www.facebook.com/hochschulekehl/
Hochschule Fresenius;https://www.facebook.com/hsfreseniuscampus/
Hochschule Furtwangen;https://www.facebook.com/HochschuleFurtwangen
Bezirksklinikum Mainkofen;https://www.facebook.com/Bezirksklinikum-Mainkofen-165412413475213/?ref=page_internal
AKAD University - AKAD Bildungsgesellschaft mbH;https://www.facebook.com/akaduniversity
Dhbw Duale Hochschule Baden-württemberg - Präsidium;https://www.facebook.com/dhbwmosbach.home/
Beuth Hochschule für Technik Berlin;https://www.facebook.com/BeuthHochschule
DRK Hamburg gemeinnützige Gesellschaft zur Förderung der Kinder- und Jugendhilfe mbH;https://www.facebook.com/roteskreuz/
Hochschule Ruhr West;https://www.facebook.com/hochschuleruhrwest
Franz von Assisi gGmbH;https://www.facebook.com/FranzvonAssisiEinrichtungen/?ref=page_internal
Hochschule Rhein-Waal - Rhine-Waal University of Applied Sciences;https://www.facebook.com/hochschulerheinwaal
DHWB Duale Hochschule Baden-Württemberg Mannheim;https://www.facebook.com/dhbwmosbach.home/
hsg Hochschule für Gesundheit;https://www.facebook.com/hochschulefuergesundheit
Rheinische Friedrich-Wilhelms-Universität Bonn;https://www.facebook.com/unibonn/
Hochschule Emden/Leer;https://www.facebook.com/hochschule.emden.leer/
Fachhochschule Südwestfalen;https://www.facebook.com/fhsuedwestfalen/
GSM Training & Integration GmbH;https://www.facebook.com/GSMbewegt/
Hochschule Neubrandenburg;https://www.facebook.com/hochschule.neubrandenburg/?fref=ts
Fachhochschule Dortmund;https://www.facebook.com/fhdortmund/
Fachhochschule Kiel;https://www.facebook.com/FHKiel/
Hochschule für Technik, Wirtschaft und Kultur Leipzig (FH) / HTWK Leipzig;https://www.facebook.com/HTWKLeipzig/
Universität Potsdam;https://www.facebook.com/unipotsdam
Universität Bremen;https://www.facebook.com/universitaetbremen/
Psychiatrisches Zentrum Nordbaden;https://www.facebook.com/pznwiesloch/
Technische Hochschule Brandenburg;https://www.facebook.com/THBrandenburg
Goethe-Institut e.V.;https://www.facebook.com/goetheinstitut
DAAD Deutscher Akademischer Austauschdienst e.V.;https://www.facebook.com/DAAD.Worldwide/
Hochschule Mainz;https://www.facebook.com/hsmainz
Hochschule Reutlingen;https://www.facebook.com/HochschuleReutlingen
Hochschule Offenburg;https://www.facebook.com/HS.Offenburg/?ref=page_internal
VdS Schadenverhütung GmbH;https://www.facebook.com/VdS.Bildungszentrum
Hochschule Trier;https://www.facebook.com/HochschuleTrier
Hochschule Niederrhein;https://www.facebook.com/HochschuleNiederrhein
Hochschule Karlsruhe - Technik und Wirtschaft;https://www.facebook.com/Hochschule-Karlsruhe-Technik-und-Wirtschaft-Alumni-Career-Services-184420184757/
Hochschule für Technik und Wirtschaft Dresden;https://www.facebook.com/HTWDresden
Hochschule Albstadt-Sigmaringen;https://www.facebook.com/HSAlbSig/
Herz- und Diabeteszentrum NRW der Ruhr-Universität Bochum;https://www.facebook.com/HDZNRW/
Universität der Bundeswehr München;https://www.facebook.com/UniBwMuc/
Hochschule Für Angewandte Wissenschaften Würzburg-Schweinfurt;https://www.facebook.com/FHWuerzburgSchweinfurt
Ostbayerische Technische Hochschule Amberg-Weiden;https://www.facebook.com/OTHAmbergWeiden
Hochschule für Technik und Wirtschaft des Saarlandes;https://www.facebook.com/htwsaar/?fref=ts
Hochschule Aalen;https://www.facebook.com/hochschule.aalen/
Fachhochschule Münster / FH Münster;https://www.facebook.com/fachhochschulemuenster
SRH Berufsbildungswerk Neckargemünd gGmbH;https://www.facebook.com/SRHHolding/
Bergische Universität Wuppertal;https://www.facebook.com/uni.wuppertal/
RWTH Rheinisch-Westfälischen Technischen Hochschule / RWTH Aachen University;https://www.facebook.com/RWTHAachenUniversity/
Fachhochschule Weihenstephan;https://www.facebook.com/hswt.de
Universität für angewandte Kunst Wien;https://www.facebook.com/dieangewandte/?fref=ts
Universitätsklinikum Freiburg;https://www.facebook.com/UniklinikFreiburg
Hochschule Anhalt (FH);https://www.facebook.com/HochschuleAnhalt/
HTW Berlin / Hochschule für Technik und Wirtschaft Berlin;https://www.facebook.com/htwberlin
Hochschule für angewandte Wissenschaften Coburg;https://www.facebook.com/hscoburg
Fachhochschule Erfurt;https://www.facebook.com/fachhochschuleerfurt
Otto-von-Guericke-Universität Magdeburg;https://www.facebook.com/OVGU.Magdeburg/
Berufsförderungswerk Schömberg;https://www.facebook.com/BFWSchoemberg/
Albert-Schweitzer-Kinderdorf Hanau - Albert-Schweitzer-Kinderdorf Hessen e.V.;https://www.facebook.com/ASK.Hessen/
Deutsche Sporthochschule Köln;https://www.facebook.com/sporthochschule
BVS Bayerische Verwaltungsschule;https://www.facebook.com/diebvs/
Friedrich-Alexander-Universität Erlangen-Nürnberg;https://www.facebook.com/Uni.Erlangen.Nuernberg
Technische Hochschule Rosenheim;https://www.facebook.com/THRosenheim/
Hochschule Pforzheim;https://www.facebook.com/hs.pforzheim
TUHH Technische Universität Hamburg;https://www.facebook.com/tuhamburg
OTH Ostbayerische Technische Hochschule Regensburg;https://www.facebook.com/oth.regensburg.de/
Hochschule Flensburg Flensburg University of Applied Sciences;https://www.facebook.com/hsflensburg/
Fraunhofer-Institut für Umwelt- Sicherheits- und Energietechnik Umsicht;https://www.facebook.com/UMSICHT
Pädagogische Hochschule Schwäbisch Gmünd Personalverwaltung;https://www.facebook.com/ph.gmuend/
Klax Berlin gGmbH;https://www.facebook.com/klax.de/
Technische Universität Darmstadt;https://www.facebook.com/tudarmstadt/
Pädagogische Hochschule Ludwigsburg;https://www.facebook.com/PH-Ludwigsburg-147116585381752/
Provadis Partner für Bildung & Beratung GmbH;https://www.facebook.com/provadis
Hochschule Biberach;https://www.facebook.com/HBC.HochschuleBiberach/
Miltenyi Biotec B.V. & Co. KG;https://www.facebook.com/miltenyibiotecofficial
Universität Erfurt;https://www.facebook.com/UniErfurt
Eberhard Karls Universität Tübingen;https://www.facebook.com/unituebingen
Fachhochschule Stralsund;https://www.facebook.com/HS.Stralsund/
Hochschule Nordhausen;https://www.facebook.com/HSNordhausen
Hochschule Bremerhaven;https://www.facebook.com/hsbremerhaven/
Berufsförderungswerk Frankfurt am Main (BFW);https://www.facebook.com/pages/Berufsf%C3%B6rderungswerk-Frankfurt-am-Main/112528365475399
Hochschule für Musik und Darstellende Kunst Frankfurt am Main;https://www.facebook.com/hfmdk.frankfurt/
SRH-Holding (SdbR);https://www.facebook.com/SRHHolding/
Universität Regensburg;https://www.facebook.com/UR.Regensburg/
Pestalozzi Kinder- und Jugenddorf Wahlwies e.V. / Dr. Erich-Fischer-Schule;https://www.facebook.com/PestalozziKinderdorf
Hochschule für Angewandte Wissenschaften - Fachhochschule Aschaffenburg;https://www.facebook.com/THAschaffenburg
euniwell Universität für Wohlbefinden / c / o Universität zu Köln;https://www.facebook.com/universitaetkoeln/
Karl-Franzens-Universität Graz;https://www.facebook.com/UniversitaetGraz
Universität Paderborn;https://www.facebook.com/unipaderborn
Pädagogische Hochschule Heidelberg;https://www.facebook.com/pages/PH-Heidelberg/106163272755043
Pädagogische Hochschule Freiburg;https://www.facebook.com/profile.php?id=112089872140216
Katholische Fachhochschule Mainz;https://www.facebook.com/katholische.hochschule.mainz/
Ludwigs-Maximilians-Universität München - Medizinische Fakultät;https://www.facebook.com/lmu.muenchen
HNE Hochschule für nachhaltige Entwicklung Eberswalde (FH);https://www.facebook.com/hneeberswalde/
Medical Park Chiemsee;https://www.facebook.com/medicalparkgermany
Universität Kaiserslautern Fachbereich Physik;https://www.facebook.com/TUKaiserslautern
Deutsches Herzzentrum Berlin;https://www.facebook.com/herzzentrumberlin/
Pädagogische Hochschule Weingarten;https://www.facebook.com/ph.weingarten/
Deutsche Universität für Verwaltungswissenschaften Speyer;https://www.facebook.com/uni.speyer/
Otto-Friedrich-Universität Bamberg;https://www.facebook.com/UniBamberg/
Hochschule Kaiserslautern;https://www.facebook.com/hskaiserslautern
Stiftung Das Rauhe Haus;https://www.facebook.com/Das-Rauhe-Haus-579792942383482/
FHW Fachhochschule Westküste Hochschule für Wirtschaft u. Technik;https://www.facebook.com/fhwestkueste/
Johann Wolfgang Goethe-Universität;https://www.facebook.com/goetheuni/
Technische Hochschule Ulm;https://www.facebook.com/TechnischeHochschuleUlm
Einrichtungsverbund Betreuungszentrum Steinhöring;https://www.facebook.com/Einrichtungsverbund-Steinh%C3%B6ring-521371984599803/
Koenig & Bauer AG;https://www.facebook.com/koenigandbauer/
Hochschule Wismar;https://www.facebook.com/HochschuleWismar
Evangelische Hochschule Ludwigsburg;https://www.facebook.com/EHLudwigsburg/
KWA Stift im Hohenzollernpark;https://www.facebook.com/kwa.wohnstifte
Hochschule der Medien;https://www.facebook.com/hdmstuttgart/
Ludwig-Maximilians-Universität;https://www.facebook.com/lmu.muenchen/
Technische Universität Wien -TU Wien- / Vienna University of Technology;https://www.facebook.com/tuwien/
Gottfried Wilhelm Leibniz Universität Hannover;https://www.facebook.com/unihannover/
Technische Universität München Heinz Maier-Leibnitz (FRM II);https://www.facebook.com/TU.Muenchen
Technische Universität Berlin;https://www.facebook.com/TU.Berlin
Fachhochschule Aachen;https://www.facebook.com/fh.aachen
Bauhaus-Universität Weimar;https://www.facebook.com/bauhausuni/
HAWK - Hochschule für angewandte Wissenschaft und Kunst;https://www.facebook.com/hawkhochschule/
Fachhochschule Kiel;https://www.facebook.com/FHKiel/
Universität Passau;https://www.facebook.com/universitaetpassau/
Westfälische Wilhelms-Universität Münster;https://www.facebook.com/wwumuenster
Kbo Kinderzentrum München Gemeinnützige Gmbh;https://www.facebook.com/KinderzentrumMuenchen/?ref=settings
Universität des Saarlandes;https://www.facebook.com/Saarland.University
Hochschule für Angewandte Wissenschaften Hamburg (HAW Hamburg);https://www.facebook.com/HAW.Hamburg
Diakonie Kork;https://www.facebook.com/KorkDiakonie/
Hochschule Bonn-Rhein-Sieg;https://www.facebook.com/hsbrs
HFH · Hamburger Fern-Hochschule gGmbH;https://www.facebook.com/HFHHamburgerFernHochschule
Universität Duisburg-Essen;https://www.facebook.com/uni.due
Universität zu Lübeck;https://www.facebook.com/UniLuebeck
Westfälische Wilhelms-Universität Münster / WWU;https://www.facebook.com/wwumuenster
Universität Hohenheim;https://www.facebook.com/UniHohenheim
Universität Bayreuth;https://www.facebook.com/UniBayreuth
Universität der Künste Berlin;https://www.facebook.com/udkberlin
esmt European School of Management and Technology GmbH;https://www.facebook.com/ESMTBerlin.org
Carl von Ossietzky Universität Oldenburg;https://www.facebook.com/UniversitaetOldenburg
Philipps-Universität Marburg;https://www.facebook.com/PhilippsUniversitaet
Ruprecht Karls Universität Heidelberg;https://www.facebook.com/uniheidelberg/
Helmut-Schmidt-Universität;https://www.facebook.com/HSU.Hamburg
Universität Kassel;https://www.facebook.com/UniKassel/
Universität Duisburg-Essen (UDE) - Campus Duisburg;https://www.facebook.com/uni.due
Universität Augsburg;https://www.facebook.com/uni.augsburg/
Bernd Blindow Gruppe;https://www.facebook.com/blindow.de/
Technische Universität Berlin;https://www.facebook.com/TU.Berlin
Hochschule Osnabrück;https://www.facebook.com/hs.osnabrueck/
Hochschule des Bundes für öffentliche Verwaltung;https://www.facebook.com/HSBund/
IB Internationaler Bund e.V. - Freier Träger der Jugend-, Sozial- u. Bildungsarbeit e.V.;https://www.facebook.com/InternationalerBund
Fachhochschule Karlsruhe Hochschule für Technik;https://www.facebook.com/Hochschule-Karlsruhe-Technik-und-Wirtschaft-Alumni-Career-Services-184420184757/
Westsächsische Hochschule Zwickau;https://www.facebook.com/fh.zwickau
Jade Hochschule Wilhelmshaven/Oldenburg/Elsfleth;https://www.facebook.com/jadehs
Katholische Stiftungshochschule München - University Of Applied Sciences;https://www.facebook.com/kshmuenchen/?ref=page_internal
Otto-Friedrich-Universität Bamberg;https://www.facebook.com/UniBamberg/
Kliniken Maria Hilf GmbH;https://www.facebook.com/kliniken.mariahilf
Universität Duisburg-Essen Campus Essen;https://www.facebook.com/uni.due
Europa-Universität Flensburg;https://www.facebook.com/EuropaUniFlensburg
Ludwig-Maximilians-Universität München / LMU;https://www.facebook.com/lmu.muenchen
Technische Universität Dortmund;https://www.facebook.com/tudortmund
Albert-Ludwigs-Universität Freiburg;https://www.facebook.com/unifreiburg/
Georg-August-Universität Göttingen - Stiftung Öffentlichen Rechts;https://www.facebook.com/georgiaaugusta
Universität Hamburg;https://www.facebook.com/uni.hamburg
Johannes Gutenberg-Universität Mainz;https://www.facebook.com/uni.mainz
Institut für Physik der Johannes Gutenberg-Universität Mainz;https://www.facebook.com/uni.mainz/?ref=page_internal
Carl von Ossietzky Uni Oldenburg;https://www.facebook.com/UniversitaetOldenburg
Berufsakademie Sachsen Staatliche Studienakademie Glauchau;https://www.facebook.com/BAGlauchau/
Fritz-Felsenstein-Haus e.V.;https://www.facebook.com/Fritz.Felsenstein.Haus/
TU Dresden;https://www.facebook.com/TUDresden
Heinrich-Heine-Universität Düsseldorf;https://www.facebook.com/HHU.de/
Studentenring;https://www.facebook.com/studentenring
Bayerische Rotes Kreuz;https://www.facebook.com/BRKLandsberg/
Technische Universität Bergakademie Freiberg;https://www.facebook.com/bergakademie
AWO-Sozialmanagement gGmbH;https://www.facebook.com/awosok/
Berufsförderungswerk München gemeinnützige Gesellschaft mbH;https://www.facebook.com/BFWMuenchen/
Otto Christ AG;https://www.facebook.com/christwashsystems
Euro-schulen-organisation Gmbh - Eso Education Group;https://www.facebook.com/EuroSchulenNiederrhein/?ref=page_internal
Medical Park Bad Rodach GmbH;https://www.facebook.com/medicalparkgermany
FH Bielefeld / Fachhochschule Bielefeld;https://www.facebook.com/fh.bielefeld/
Seniorenhaus Zell GmbH;https://www.facebook.com/Seniorenhaus-Zell-GmbH-148502885802833/?ref=page_internal
