company;website;
HSM GmbH & Co. KG;https://www.hsm.eu;
Bernd Siegmund GmbH;https://www.siegmund.com;
PRESSOL Schmiergeräte GmbH;https://www.pressol.com;
Ritter Energie- und Umwelttechnik GmbH & Co. KG;https://www.ritter-energie.de;
GEBR. REINFURT GmbH & CO. KG;https://www.grw.de;
SCHÜTZ GmbH & Co. KGaA;https://www.schuetz.net;
LWB Steinl GmbH & Co. KG;https://www.lwb-steinl.de;
ENGEL AUSTRIA GmbH;https://www.engelglobal.com;
SAV GmbH;https://www.sav.de;
Rembe Gmbh Safety Control;https://www.rembe.de;
CALANBAU Brandschutzanlagen GmbH;https://www.calanbau.de;
Züblin Umwelttechnik GmbH;https://www.zueblin-umwelttechnik.de;
KLAUS UNION GmbH & Co. KG;https://www.klaus-union.de;
ruhlamat GmbH;https://www.ruhlamat.de;
Fritsche GmbH & Co. KG;https://www.fritsche-gmbh.de;
NOTUS energy Plan GmbH & Co. KG;https://www.notus.de;
BerlinerLuft.Technik GmbH;https://www.berlinerluft.de;
LTW Intralogistics GmbH;https://www.ltw.at;
Carl Hirschmann GmbH;https://www.hirschmanngmbh.com;
Diehl GmbH;https://www.diehl-gmbh.de;
KS Engineers - Kristl, Seibt & Co Ges.m.b.H.;https://www.ksengineers.at;
BERTSCHgroup;https://www.bertsch.at;
Claas KGaA mbH - Claas Gruppe;https://www.claas.com;
Netstal-Maschinen AG;https://www.netstal.com;
Ohrmann Montagetechnik Gmbh;https://www.ohrmann.de;
RIPPERT Anlagentechnik GmbH;https://www.rippert.de;
Helmers Maschinenbau GmbH;https://www.maschinenbau-helmers.de;
de Man Industrie-Automation GmbH;https://www.deman.de;
Gollmann Kommissioniersysteme GmbH;https://www.gollmann.com;
PAW GmbH & Co. KG;https://www.paw.eu;
Koch Industrieanlagen GmbH;https://www.robotersysteme.com;
Bernard Krone Holding GmbH & Co. KG;https://www.krone.de;
Sturm Holding GmbH;https://www.sturm-gruppe.com;
Eputec Drucklufttechnik GmbH;https://www.eputec.de;
TGM Kanis Turbinen GmbH;https://www.tgmkanis.com;
Leibinger SMB Technik GmbH;https://www.leibinger-smb.com;
Neuenhauser Maschinenbau GmbH;https://www.neuenhauser.de;
Luehr Filter GmbH;https://www.luehr-filter.de;
Schmidt & Heinzmann GmbH & Co. KG;https://www.schmidt-heinzmann.de;
Kracht GmbH;https://www.kracht.eu;
Gebr. Held Hydraulik Technischer Großhandel GmbH;https://www.held-hydraulik.de;
FRIMO Lotte GmbH;https://www.frimo.com;
Deharde GmbH;https://www.deharde.de;
Maschinenbau u. Konstruktion GmbH;https://www.muk-elmshorn.de;
Ammann Schweiz AG - Ammann Group;https://www.ammann-group.ch;
MTS Gesellschaft für Maschinentechnik & Sonderbauten mbH;https://www.mts-online.de;
Cooper Crouse-Hinds GmbH;https://www.ceag.de;
FLACO-Geräte GmbH;https://www.flaco.de;
VINCI Facilities Deutschland GmbH;https://www.vinci-facilities.de;
Maschinenfabrik KEMPER GmbH & Co. KG;https://www.kemper-stadtlohn.de;
Hans Hoffmann GmbH;https://www.ofen-hoffmann.de;
Kuhn;https://www.kuhn.fr;
RAUCH Landmaschinenfabrik GmbH;https://www.rauch.de;
SMT Scharf GmbH;https://www.smtscharf.com;
TKW - Armaturen GmbH;https://www.tkw.eu;
RASOMA Werkzeugmaschinen GmbH;https://www.rasoma.de;
R. Schramm GmbH;https://www.r-schramm-gmbh.de;
Orbitalum Tools GmbH;https://www.orbitalum.com;
UNTHA Recyclingtechnik GmbH;https://www.untha.de;
AMICRA Microtechnologies GmbH;https://www.amicra.com;
Schlatterer Tankanlagen NL der Energietechnik Südwest GmbH;https://www.schlatterer-tankanlagen.de;
Berliner Energieagentur GmbH;https://www.berliner-e-agentur.de;
Bausch+Ströbel Maschinenfabrik Ilshofen GmbH+Co.KG;https://www.bausch-stroebel.com;
HK-CON GmbH;https://www.hk-con.de;
Strasser GmbH;https://www.strasser-gmbh.com;
Lödige Industries Gruppe - Lödige Fördertechnik GmbH;https://www.lodige.com;
Albrecht Bäumer GmbH & Co. KG Spezialmaschinenfabrik;https://www.baeumer.de;
Schroeder Valves GmbH & Co. KG;https://www.schroeder-valves.com;
IBO GmbH;https://www.ibo-tec.de;
GARAVENTA Lift GmbH;https://www.garaventalift.de;
LIT UV Elektro GmbH;https://www.lit-uv.eu;
HOMAG Group AG;https://www.homag.com;
Gläser GmbH;https://www.glaeser-gmbh.de;
MAXIMATOR GmbH;https://www.maximator.de;
WIBO-WERK GmbH Hamburg;https://www.wibo.com;
Brabender Technologie Gmbh & Co. Kg;https://www.brabender-technologie.com;
RATIONAL Aktiengesellschaft;career.rational-online.com;
AHP Merkle GmbH;https://www.ahp.de;
Flowserve Ahaus GmbH;https://www.flowserve.com;
AGROTooling Systems GmbH;https://www.agro-tooling.eu;
Nanotec Electronic GmbH & Co.KG;https://www.nanotec.de;
K & K Sondermaschinen und Förderanlagenbau GmbH;https://www.kuehne.com;
KLAUS Multiparking GmbH;https://www.multiparking.com;
Sumitomo (SHI) Demag Plastics Machinery GmbH;https://www.sumitomo-shi-demag.eu;
ELB-Schliff Werkzeugmaschinen GmbH;https://www.elb-schliff.de;
Meusburger Georg GmbH & Co KG;https://www.meusburger.com;
GE - General Electric Deutschland Holding GmbH;https://www.ge.com;
SCHULZ Systemtechnik GmbH;https://www.schulz.st;
Kampfer;https://www.kampfer.de;
Hilite Germany GmbH;https://www.hilite.com;
Zippel GmbH & Co. KG Maschinenfabrik;https://www.zippel.com;
Atec Pharmatechnik GmbH;https://www.atecgroup.de;
Fagus-GreCon Greten GmbH & Co. KG;https://www.fagus-grecon.de;
Oystar - IWK Verpackungstechnik GmbH;https://www.oystar-group.com;
THEEGARTEN-PACTEC GmbH & Co. KG;https://www.theegarten-pactec.de;
germanBelt Systems GmbH;https://www.germanbelt.com;
MicroStep Europa GmbH;https://www.microstep-europa.de;
Fricke und Mallah Microwave Technology GmbH;https://www.microwaveheating.net;
Trio-technik Maschinenbau Gmbh;https://www.trio-technik.de;
OPTIMA pharma GmbH - Stammsitz;https://www.optima-packaging.com;
Emil Stelling Armaturen;https://www.emil-stelling.de;
VIRO engineering;https://www.viro-engineering.com;
EVG Lufttechnik GmbH;https://www.evg-group.de;
Göhler GmbH und Co. KG;https://www.goehler.de;
Arcotec GmbH;https://www.arcotec.com;
SafanDarley - Safan BV;https://www.safan.nl;
TRACTO-TECHNIK GmbH & Co. KG;https://www.tracto-technik.de;
TESTA GmbH;https://www.testa-fid.de;
HAWE Hydraulik SE;https://www.hawe.com;
Bansbach easylift GmbH;https://www.bansbach.de;
FUNKE Wärmeaustauscher Apparatebau GmbH;https://www.funke.de;
SCEngineering GmbH;https://www.scengineering.de;
SV-Zerspanungstechnik;https://www.sv-zerspanungstechnik.de;
Feinauer Kran- und Hebetechnik GmbH;https://www.feinauer-gmbh.de;
German RepRap GmbH;https://www.germanreprap.com;
Torqeedo GmbH;https://www.torqeedo.com;
Pumpenfabrik Wangen GmbH;https://www.wangen.com;
3con Anlagenbau GmbH;https://www.3con.com;
MAX STREICHER GmbH & Co.KG aA;https://www.streicher.de;
PASS Stanztechnik AG;https://www.pass-ag.com;
STB - Service Technik Beratung GmbH;https://www.stb-dichtungen.de;
Laing Innotech GmbH + Co. KG;https://www.laing-innotech.de;
Contexo Gmbh;https://www.contexo-gmbh.de;
Simpson Strong-Tie;https://www.strongtie.de;
STAPEL GmbH;https://www.stapel.info;
Matthias Schernikau GmbH;https://www.liftfabrik.de;
Liebherr-International Deutschland GmbH;https://www.liebherr.com;
Konecranes GmbH;https://www.konecranes.de;
United Grinding Group AG;https://www.grinding.ch;
Licon mt GmbH & Co. KG;https://www.licon.com;
Innolite GmbH;https://www.innolite.de;
RS-Simulatoren Group;https://www.rs-simulatoren.de;
MRB Automation GmbH;https://www.mrb-automation.de;
Gebrüder Lödige Maschinenbau GmbH;https://www.loedige.de;
MOESCHTER GROUP;https://www.moeschter-group.de;
Anlagenbau Andreas Pörschke GmbH & Co. Betriebs KG;https://www.ap-anlagenbau.de;
Aereco GmbH;https://www.aereco.de;
HALEX- ALDENHOVEN GMBH;https://www.halex.de;
Emission Partner GmbH & Co. KG;https://www.emission-partner.de;
Aumann GmbH;https://www.aumann.com;
Aventics GmbH;https://www.aventics.com;
Esko Artwork nv - Esko.Graphics - Esko Benelux - Danaher - Esko Software;https://www.danaher.com;
KraussMaffei Technologies GmbH - KraussMaffei Group;https://www.kraussmaffei.de;
August Weckermann KG;https://www.weckermann.de/;
Heinrich Georg GmbH;https://www.georg.com;
Zürn GmbH & Co. KG;https://www.zuern.de;
ENDRESS Elektrogerätebau GmbH;https://www.endress-generators.de;
ADE Werk GmbH;https://www.ade.de;
Liftstar Service GmbH;https://www.liftstar.de;
Tomra Sorting Gmbh;https://www.tomra.com;
PFISTER WAAGEN BILANCIAI GMBH;https://www.pfisterwaagen.de;
ABB Asea Brown Boveri Ltd;https://www.abb.com;
Swagelok B.E.S.T. FLUIDSYSTEME GmbH;https://www.swagelok.de;
OAS AG;https://www.oas.de;
Böcker Maschinenwerke GmbH;https://www.boecker-group.de;
Röltgen GmbH & Co.KG;https://www.roeltgen.de;
BAUER Maschinen GmbH;https://www.bauer.de;
Schäfer GmbH;https://www.schaefer-apparatebau.de;
EEP-Maschinenbau GmbH;https://www.eep-maschinenbau.at;
Twin-Busch GmbH;https://www.twinbusch.de;
Stanley Black & Decker Deutschland GmbH;https://www.stanleyblackanddecker.com;
Paul Wurth S.A. - Geprolux S.A. TMT - Tapping Measuring Technology S.à r.l.;https://www.paulwurth.com;
Nottebohm e.K.;https://www.nottebohm-ek.de;
PETERS Maschinenbau GmbH & Co. KG;https://www.maschinenbau-peters.de;
MHI Vestas Offshore Wind;https://www.mhivestasoffshore.com;
Schminke Krantechnik GmbH;https://www.schminkegmbh.de;
Griesemann Gruppe;https://www.griesemann-gruppe.de;
HSR GmbH;https://www.hsr.de;
Kemppi GmbH;https://www.kemppi.com;
Ruf Maschinenbau GmbH & Co. KG;https://www.brikettieren.de;
F. Zimmermann GmbH;https://www.f-zimmermann.com;
Coesia S.p.A.;https://www.coesia.com;
Nidec Gpm Gmbh;https://www.nidec-gpm.com;
Horst Rother GmbH;https://www.h-rother.de;
Breining Maschinen-und Fahrzeugbau GmbH;de.breining.fayat.com;
Autefa Solutions Germany GmbH;https://www.autefa.com;
Leyde GmbH;https://www.leyde.de;
Schmidt, Kranz & Co. Gesellschaft mit beschränkter Haftung;https://www.schmidt-kranz.de;
KMT GmbH - KMT Waterjet Systems;https://www.kmt-waterjet.de;
Getriebebau NORD GmbH & Co. KG;https://www.nord.com;
Xylem Water Solutions Deutschland GmbH;https://www.xylemwatersolutions.com;
Kurt Schuhmacher KG Industriemontagen;https://www.kurt-schuhmacher-kg.de;
Balcke-Dürr GmbH;https://www.balcke-duerr.com;
a-on AG Automation;https://www.a-onag.de;
Bosch Thermotechnik GmbH;https://www.bosch-thermotechnology.com;
J+P Maschinenbau GmbH;https://www.jp-maschinenbau.de;
Novexx Solutions GmbH;https://www.novexx.com;
GDI Intralogistics GmbH;https://www.gudel-intralogistics.com;
Heinrich KUPER GmbH & Co. KG;https://www.kuper.de;
Eishaar Kälte-Klima-Ladenbau GmbH;https://www.eishaar.de;
KEMPER GmbH;https://www.kemper.eu;
OCHSNER Wärmepumpen GmbH;https://www.ochsner.de;
Irion Vertriebs-GmbH;https://www.irion-gunshop.de;
VisiCon Automatisierungstechnik;https://www.visicon.eu;
KUHFUSS DELABIE GmbH;https://www.delabie.de;
Maschinenfabrik Reinartz GmbH & Co. KG;https://www.reinartz.de;
REMMERT GmbH;https://www.remmert.de;
Carrier Klimatechnik GmbH;https://www.carrier.de;
Frima Gmbh & Co. Kg;https://www.frima-emden.de;
Linde Material Handling GmbH;https://www.linde-mh.de;
Ampco Pumps GmbH;https://www.ampcopumps.de;
Fetter + Spiritini Unternehmensgruppe;https://www.fsgruppe.com;
C. E. Schneckenflügel GmbH;https://www.schneckenfluegel.de;
BrauKon GmbH;https://www.braukon.de;
Rheinmetall Group - Rheinmetall AG;https://www.rheinmetall.com;
M+M Turbinen-Technik GmbH;https://www.turbinen-technik.de;https://www.hueppe.com/en/export/youtube
Plamag GmbH;https://www.plamag.com;
Ingholm Kältetechnik GmbH & Co. KG;https://www.ingholm.de;
Hans Koch GmbH;https://www.scheerkoch.de;
Vectoflow GmbH;https://www.vectoflow.de;
UCY Technologies GmbH;https://www.ucy.io;
F.u.n.k.e. Mittelstands GmbH;https://www.funkemittelstandsgmbh.de;
Dvs Technology Group C/o Diskus Werke Ag;https://www.dvs-technology.com;
FMA – Freitaler Metall- und Anlagenbau GmbH;https://www.fmafreital.de;
Hermann GmbH Maschinenbautechnologie - Fertigung Weiden;https://www.hema-tec.de;
Diehl Metering GmbH;https://www.diehl.com;
Böllhoff Gruppe - Wilhelm Böllhoff Gmbh & Co. Kg;https://www.boellhoff.com;160
Systeex Brandschutzsysteme GmbH;https://www.systeex.de;
LTSoft GmbH;https://www.ltsoft.de;
Hugo Lahme GmbH;https://www.lahme.de;
WIESHEU GmbH;https://www.wiesheu.de;
PAN-DUR GmbH;https://www.pan-dur.com;
MICHELFELDER Automotive GmbH;https://www.michelfelder.de;
Celsion Brandschutzsysteme GmbH;https://www.celsion.de;
Mosca GmbH;https://www.mosca.com;
Prinz Technik Hydraulik Schwerin GmbH;https://www.prinztechnik.de;
EKATO Rühr- und Mischtechnik GmbH;https://www.ekato.com;
Göckler Feuerschutz;https://www.goeckler-brandschutz.de;
Deutsche Aufzugstechnik GmbH;https://www.dat-aufzuege.de;
HAHN Group GmbH;https://www.hahn.group;
Alpha Mining GmbH;https://www.alpha-mining.de;
cyberTECHNOLOGIES GmbH;https://www.cybertechnologies.com;
Aufzugswerke Schmitt + Sohn GmbH & Co. KG;https://www.schmitt-aufzuege.de;
Richard Bergner Holding GmbH & Co. KG - Ribe Gruppe;https://www.ribe.de;
schambeck automotive GmbH;https://www.schambeck-automotive.de;
Vetten Krane & Service GmbH;https://www.vetten.de;
EWM AG;https://www.ewm-group.de;
Mitsubishi Electric Europe BV Belgium;https://www.mitsubishi-electric.be;
HASCO Hasenclever GmbH + Co KG;https://www.hasco.com;
Bartolosch GmbH & Co. KG;https://www.bartolosch.de;
Hosokawa Alpine AG;https://www.hosokawa-alpine.com;
Zuse Hüller Hille Werkzeugmaschinen GmbH;https://www.zuse-hueller-hille.com;
Tyroller Hydraulik GmbH;https://www.tyroller.de;
Protego - für Sicherheit und Umweltschutz;https://www.protego.com;
ALD Vacuum Technologies GmbH;https://www.ald-vt.de;
Bartec Top Holding Gmbh - Bartec Gruppe;https://www.bartec.de;
APEX Tool Group GmbH Germany;https://www.apextoolgroup.com/
Doppstadt Umwelttechnik GmbH;https://www.doppstadt.de;
Willmes GmbH;https://www.willmes.de;
GPA-Jakob Pressenautomation GmbH;https://www.gpa-jakob.de;
Wilhelm Veh GmbH & Co. KG;https://www.veh-antriebstechnik.de;
Palandt AgrarTec GmbH;https://www.palandt-agrartec.de;
Motius GmbH;https://www.motius.de;
MAG IAS GmbH;https://www.mag-ias.com;
Saurer Spinning Solutions GmbH & Co. KG Fellbach;https://www.saurer.com;
Albach Maschinenbau GmbH & Co. KG;https://www.albach-maschinenbau.de;
FläktGroup Deutschland GmbH;https://www.flaktgroup.de;
ZELTWANGER Holding GmbH;https://www.zeltwanger.de;
Widhopf Industriebedarf GmbH;widhopf.de;
Emerson Climate Technologies GmbH;https://www.emerson.com;
SylaTech GmbH;https://www.sylatech-glovebox.de;
Bilfinger Maintenance GmbH;https://www.bm.bilfinger.com;
Top-Werk GmbH;https://www.topwerk.com;
Först GmbH;https://www.foerst-global.com;
Erich Schweiger GmbH & Co. KG Werkzeug und Formenbau;https://www.schweiger-formenbau.de;
Felss Group GmbH;https://www.felss.com;
C&CS catalysts and chemical specialties GmbH;https://www.candcs.de;
Tewa Lüftungs-Klima-Wartung GmbH;https://www.tewa.de;
Kraken Power GmbH;https://www.krakenpower.de;
SLM Solutions Group AG;https://www.slm-solutions.com;
ACORN Treppenlifte GmbH;https://www.acorntreppenlifte.de;
fruitcore GmbH;https://www.fruitcore.de;
2G Energy AG;https://www.2-g.de;
BAUER Resources GmbH;https://www.bauer.de;
acp systems AG;https://www.acp-systems.com;
asw Krayer Gmbh;https://www.aswgroup.de;
adaptronic Prüftechnik GmbH;https://www.adaptronic.de;
Gebr. Eickhoff Maschinenfabrik und Eisengießerei GmbH;https://www.eickhoff-bochum.de;
Vestner Aufzüge GmbH;https://www.vestner.de;
BMI;https://www.bmigroup.com/;
GMVT GmbH;https://www.gmvt.de;
MAMotec GmbH;https://www.mamotec-online.de;
Syntegon Technology GmbH;https://www.syntegon.com;
FELDER KG;https://www.felder-group.com;
STT Special Tool Technology GmbH Schmidt Technik;https://www.stt-fertigung.de;
Bolz Hydraulik GmbH;https://www.bolz-hydraulik.de;
MAXION Jänsch & Ortlepp GmbH;https://www.maxion.de;
KEBA Industrial Automation Germany GmbH;https://www.keba-lti.com;
KAT Systems GmbH;https://www.kat-klimasysteme.de;
AI Technik GmbH;https://www.ai-technik.de;
Printum Technology GmbH;https://www.printum.de;
Aeditive Gmbh;https://www.aeditive.de;
Bosch Gruppe;https://www.bosch-sensortec.com;
Schmidt Anlagentechnik GmbH;https://www.schmidt-anlagentechnik.de;
GKN Walterscheid GmbH - Walterscheid Powertrain Group;https://www.walterscheid-group.com;
DATRON AG;https://www.datron.de;
Gießereimaschinenbau GmbH;https://www.gmb-bernsdorf.de;
Wizard of Europe GmbH;https://www.wizard-europe.com;
H2PRO GmbH & Co.KG;https://www.h2protech.de;
Intercom Deec GmbH;https://www.deec.de;
RGS recycling systems Gmbh;https://www.rgs-systems.de;
Knoche Maschinenbau GmbH;https://www.knoche-maschinenbau.de;
Zeiser GmbH;https://www.zeiser.com;
Jasper Industriehydraulik GmbH & Co. KG;https://www.jasper-hydraulik.com;
Kövy Bäckereimaschinenbau GmbH;https://www.koevy.de;
SN-Spindeltechnik Nitschke;https://www.sn-spindeltechnik.de;
FANUC Deutschland GmbH;https://www.fanuc.eu/de;
Reichenbach Spezialmaschinenbau;https://www.reichenbach-spezial.de;
Womatec Maschinenbau Gmbh;https://www.womatec.com;
manroland sheetfed GmbH;https://www.manrolandsheetfed.com;
M-tec Mathis Technik Gmbh;https://www.m-tec.gmbh/;
Spirac;https://www.spirac.com;
Doppstadt Gruppe - Lig Gmbh (ehem. Doppstadt Familienholding Gmbh) -;https://www.doppstadt.de;
RPS Deutschland Robot Protection Systems GmbH;https://www.roboterschutz.de;
Kranservice HerZ e.K.;https://www.kranservice-herz.de;
FPZ SpA;https://www.fpz.com;
CNCTeile24 GmbH;https://www.cncteile24.de;
AES Maschinenbau GmbH;https://www.aes-tools.com;
A.H. Lundberg Systems Limited;https://www.ahlundberg.com;
M.d.s. Gmbh Industrieservice;https://www.mds-industrieservice.de;
Hsc Baumco Gmbh;https://www.hsc-baumco.de;
MSW Montageservice GmbH;https://www.msw-team.de;
Plan 8 Gmbh;https://www.plan-8.de;
Arcade UK Ltd;https://www.arcade-uk.ltd.uk;
Nautical elements GmbH Anlagen & Systeme für die Nahrungsmittelindustrie KG;https://www.nautical-elements.de;
Schreier Maschinen- und Apparatebau GmbH;https://www.schreier-gmbh.de;
Vulic-ecm;https://www.vulic-ecm.de;
Wandt Werkzeug- und Maschinenbau GmbH;https://www.werkzeugbau-wandt.de;
IMS Robotics GmbH;https://www.ims-robotics.de;
PVA TePla AG;https://www.pvatepla.com;
WEKAL MASCHINENBAU GMBH;https://www.wekal.de;
DEBAG Deutsche Backofenbau GmbH;https://www.debag.com;
ELWEMA Automotive GmbH;https://www.elwema.de;
Krüger und Salecker Maschinenbau GmbH & Co KG;https://www.kands.org;
Aerocom Gmbh & Co.;https://www.aerocom.de;
Enerparc AG;https://www.enerparc.com;
PFAFF Industriesysteme und Maschinen GmbH - Personalabteilung;https://www.pfaff-industrial.com;
Krause Maschinenbau GmbH;https://www.krause-maschinenbau.de;
4JET Technologies GmbH;https://www.4jet.de;
FELUWA Pumpen GmbH;https://www.feluwa.com;
R&R-Beth GmbH;https://www.rr-beth.com;
Eberspächer Climate Control Systems GmbH & Co. KG;https://www.eberspaecher.de;
Austria Metall Aktiengesellschaft AMAG;https://www.amag.at;
TGW Logistics Group GmbH;https://www.tgw.at;
Hans Lingl Anlagenbau und Verfahrenstechnik GmbH & Co. KG;https://www.lingl.com;
VIESSMANN TECHNOLOGIES GmbH;https://www.viessmann-technologies.de;
SINGULUS STANGL SOLAR GmbH;https://www.stangl.de;
Krauss-Maffei Wegmann GmbH & Co. KG - KMW-Systeme;https://www.kmweg.de;
WITT-GASETECHNIK GmbH & Co. KG;https://www.wittgas.com;
Robert Bosch GmbH;https://www.bosch.de;
IMI Norgren GmbH;https://www.norgren.de;
CROWN Gabelstapler GmbH & Co. KG;https://www.crown.com;
Unitechnik Systems GmbH;https://www.unitechnik.com;
SMC Deutschland GmbH;https://www.smc-pneumatik.de;
Ebm-Papst Mulfingen GmbH & Co. KG;https://www.ebmpapst.com;
MONTANHYDRAULIK GmbH;https://www.montanhydraulik.com;
Bitzer Kühlmaschinenbau GmbH;https://www.bitzer.de;
RENA Technologies GmbH;https://www.rena.com;
Metabowerke GmbH / metabo Aktiengesellschaft;https://www.metabo.com;
teamtechnik GmbH;https://www.teamtechnik.com;
HYDAC INTERNATIONAL GMBH;https://www.hydac.com;
Bopp & Reuther GmbH;https://www.bursr.com;
MINDA Industrieanlagen GmbH;https://www.minda.de;
HÜPPE GmbH & Co., OHG;https://www.hueppe.com;
Felix Böttcher GmbH & Co. KG;https://www.boettcher.de;
AVL Group Headquarters Graz;https://www.avl.com;
Tepper Aufzüge GmbH & Co.KG;https://www.tepper-aufzuege.de;
Engie Axima Germany Gmbh;https://www.noske-kaeser.com;
Ruhstrat GmbH;https://www.ruhstrat.com;
KHS GmbH;https://www.khs.com;
Maurer SE;https://www.maurer-soehne.de;
TRÜTZSCHLER GMBH & CO. KG Textilmaschinenfabrik;https://www.truetzschler.de;
Bilfinger Scheven GmbH;https://www.scheven-industries.de;
Stulz GmbH;https://www.stulz.de;
Osma-Aufzüge Albert Schenk GmbH & Co. KG;https://www.osma-aufzuege.de;
Thieme GmbH & Co KG;https://www.thieme.eu;
Max Weishaupt GmbH;https://www.weishaupt-stellenangebote.de;
Bühler GmbH;https://www.buhlergroup.com;
WALDNER Holding GmbH & Co. KG;https://www.waldner.de;
Rovema GmbH;https://www.rovema.de;
Varian Medical Systems GmbH;https://www.varian.com;
BOGE KOMPRESSOREN GmbH;https://www.boge.de;
Gleason-Pfauter Maschinenfabrik GmbH;https://www.gleason.com;
Bucher Hydraulics Gmbh;https://www.bucherhydraulics.com;
Pirtek Deutschland GmbH;https://www.pirtek.de;
Otis Gmbh & Co. Ohg - Aufzüge Fahrtreppen Service;https://www.otis.com;
Hamilton Bonaduz AG;https://www.hamiltoncompany.com;
Tünkers Maschinenbau GmbH;https://www.tuenkers.de;
Eichler-Holzäpfel GmbH;https://www.eichler-holzaepfel.de;
iwis motorsysteme GmbH & Co. KG;https://www.iwis.com;
C. Haushahn GmbH & Co. KG;https://www.haushahn.de;
AUMA Riester GmbH & Co. KG;https://www.auma.com;
Weber-Hydraulik GmbH;https://www.weber-hydraulik.com/;
Gebr. Becker GmbH & Co.;https://www.becker-international.com;
Paul Bauder GmbH & Co.;https://www.bauder.de;
Brita GmbH;https://www.brita.com;
Joh. Heinr. Bornemann GmbH - ITT Bornemann GmbH;https://www.bornemann.com;
Süss MicroTec AG;https://www.suss.com;
Kasto Maschinenbau GmbH & Co. KG;https://www.kasto.de;
ZIEGRA Eismaschinen GmbH;https://www.ziegra.com;
Viertel Motoren GmbH;https://www.viertel-motoren.de;
EBARA Precision Machinery Europe GmbH;https://www.ebara-pm.eu;
Zehnder Group Deutschland GmbH;https://www.zehnder-systems.de;
IMS:GEAR GmbH (IMS Gear GmbH );https://www.imsgear.com;
Alfred H. Schütte GmbH & Co. KG;https://www.schuette.de;
Eloma GmbH;https://www.eloma.com;
Deprag Schulz GmbH u. CO;https://www.deprag.com;
Herbert Olbrich GmbH & Co. KG -;https://www.olbrich.com;
Sulzer Pumpen (Deutschland) GmbH;https://www.sulzer.com/;
GSP Sprachtechnologie GmbH;https://www.gsp-berlin.de;
Buss-SMS -Canzler GmbH;https://www.sms-vt.com;
Harro Höfliger Verpackungsmaschinen GmbH;https://www.hoefliger.de;
INTEGA Innovative Technologie für Gase und Anlagenbau GmbH;https://www.intega.com;
ASML;https://www.asml.nl;
Mühlbauer Holding AG / Mühlbauer GmbH & Co. KG;https://www.muehlbauer.de;
JUDO Wasseraufbereitung GmbH;https://www.judo.eu;
bielomatik Leuze GmbH + Co.;https://www.bielomatik.com;
Karl Dungs GmbH & Co. KG;https://www.dungs.com;
hte GmbH;https://www.hte-company.de;
B + R Maschinenbau GmbH;https://www.br-maschinenbau.de;
Em-technik Gmbh;https://www.em-technik.com;
Lely Maschinenfabrik GmbH Lely Technology Center GmbH;https://www.lely.com;
Kohler GmbH;https://www.kohler.de;
Reifenhäuser GmbH & Co., Maschinenfabrik;https://www.reifenhauser.com;
AFT Automatisierungs- und Fördertechnik GmbH;https://www.aft-group.de;
KSB Se & Co. Kgaa - KSB Group;https://www.ksb.com;
Schneider & Gemsa GmbH;https://www.a-th-schneider.de;
Rauh Hydraulik;https://www.rauh-hydraulik.de;
Grohedal Sanitärsysteme GmbH;https://www.grohe.com;
Gerd Bär GmbH - Bär Cargolift;https://www.baer-cargolift.com;
Löwen Gruppe - Löwen Entertainment GmbH ADMIRAL Spielhallen;https://www.loewen.de;
Langhammer Maschinenbau GmbH;https://www.langhammer.de;
INTERROLL Fördertechnik GmbH;https://www.interroll.com;
Zöller-Kipper GmbH;https://www.zoeller-kipper.de;
KMU LOFT Cleanwater GmbH;https://www.kmu-loft.de;
VAG-Armaturen GmbH;https://www.vag-armaturen.com;
Loibl Förderanlagen GmbH;https://www.loibl-foerdertechnik.de;
Koenig & Bauer AG;https://www.kba.com;
NSK Deutschland GmbH;https://www.nskbearings.com;
KNAACK & JAHN GmbH;https://www.k-j.de;
Karl Mayer Textilmaschinenfabrik GmbH;https://www.karlmayer.de;
Ammeraal Beltech GmbH;https://www.ammeraalbeltech.de;
AGTOS Gesellschaft für technische Oberflächensysteme GmbH;https://www.agtos.de;
Eriks Holding Deutschland Gmbh / Eriks Deutschland Gmbh;https://www.eriks.de;
BKL Baukran Logistik GmbH;https://www.bkl.de;
ZwickRoell GmbH & Co. KG;https://www.zwickroell.com;
Meibes System-Technik GmbH;https://www.meibes.de;
Bilfinger MCE Berlin GmbH;https://www.mce-ag.com;
vhf camfacture AG;https://www.vhf.eu;
Schwartz GmbH;https://www.schwartz-wba.de;
John Deere GmbH & Co. KG;https://www.deere.de;
Eliquo Stulz Wasser- und Prozesstechnik GmbH;https://www.eliquostulz.com/de/;
KEBA AG;https://www.keba.com;
Thyssenkrupp Home Solutions N.V.;https://www.thyssenkrupp-homesolutions.com;
Carl Stahl GmbH - Standort Süßen;https://www.carlstahl.de;
Groninger & Co. GmbH;https://www.groninger.de;
ROTZLER GMBH + CO.;https://www.rotzler.de;
Bosch Rexroth AG;https://www.boschrexroth.de;
SunStrom GmbH;https://www.sunstrom.de;
Philipp GmbH;https://www.philipp-gruppe.de;
Meiko Maschinenbau GmbH & Co. KG;https://www.meiko.de;
Fritsch Gmbh;https://www.fritsch.info;
Emde Industrie-Technik GmbH;https://www.emde.de;
Weiss GmbH;https://www.weiss-gmbh.de;
ABI Maschinenfabrik GmbH;https://www.abi-gmbh.com;
Hammel Recyclingtechnik GmbH;https://www.hammel.de;
Otto Christ AG;https://www.christ-ag.com;
Rosenberg Ventilatoren GmbH;https://www.rosenberg-gmbh.com;
KHD Humboldt Wedag GmbH;https://www.khd.com/;
B. Ketterer Söhne GmbH Co.KG;https://www.ketterer.de;
GTS Generator. Technik. Systeme. GmbH & Co. KG;https://www.gts-generator.com;
AVERMANN Maschinenfabrik GmbH & Co. KG;https://www.avermann.de;
VWH GmbH;https://www.vwh.de;
Braunschweigische Maschinenbauanstalt AG - BMA;https://www.bma-de.com;
GEDA-Dechentreiter GmbH & Co;https://www.geda.de;
Donaldson Filtration Deutschland GmbH;https://www.donaldson.com;
