company;instagram
Hochschule Bonn-Rhein-Sieg;https://www.instagram.com/h_bonnrheinsieg/
HFH · Hamburger Fern-Hochschule gGmbH;https://www.instagram.com/hfhfernstudium/
Universität Duisburg-Essen;https://www.instagram.com/uni_duisburg_essen/
Universität zu Lübeck;https://www.instagram.com/uni_luebeck/?hl=de
Westfälische Wilhelms-Universität Münster / WWU;https://www.instagram.com/wwu_muenster/
Universität Hohenheim;https://www.instagram.com/unihohenheim/
Universität Bayreuth;https://www.instagram.com/uni.bayreuth/
Universität der Künste Berlin;https://www.instagram.com/udkberlin/
esmt European School of Management and Technology GmbH;https://www.instagram.com/esmtberlin/
Philipps-Universität Marburg;https://www.instagram.com/philippsunimarburg/
Ruprecht Karls Universität Heidelberg;https://www.instagram.com/uniheidelberg/?hl=en
Universität Kassel;https://www.instagram.com/unikassel/?hl=de
Universität Duisburg-Essen (UDE) - Campus Duisburg;https://www.instagram.com/uni_duisburg_essen/
Universität Augsburg;https://www.instagram.com/uni.augsburg/
Bernd Blindow Gruppe;https://www.instagram.com/blindow_de/
Technische Universität Berlin;https://www.instagram.com/tu_berlin/
Hochschule Osnabrück;https://www.instagram.com/hs_osnabrueck/
IB Internationaler Bund e.V. - Freier Träger der Jugend-, Sozial- u. Bildungsarbeit e.V.;https://www.instagram.com/internationalerbund/
Fachhochschule Karlsruhe Hochschule für Technik;https://www.instagram.com/hochschule_karlsruhe/
Westsächsische Hochschule Zwickau;https://www.instagram.com/hochschulezwickau/
Jade Hochschule Wilhelmshaven/Oldenburg/Elsfleth;https://www.instagram.com/jade_hochschule/
Otto-Friedrich-Universität Bamberg;https://www.instagram.com/uni_bamberg/
Universität Duisburg-Essen Campus Essen;https://www.instagram.com/uni_duisburg_essen/
Europa-Universität Flensburg;https://www.instagram.com/uni.flensburg/?hl=en
Ludwig-Maximilians-Universität München / LMU;https://www.instagram.com/lmu.muenchen/?hl=en
Technische Universität Dortmund;https://www.instagram.com/tu_dortmund/
Albert-Ludwigs-Universität Freiburg;https://www.instagram.com/unifreiburg/
Georg-August-Universität Göttingen - Stiftung Öffentlichen Rechts;https://www.instagram.com/unigoettingen/
Universität Hamburg;https://www.instagram.com/uni_hamburg/
Johannes Gutenberg-Universität Mainz;https://www.instagram.com/uniorchestermz/
Berufsakademie Sachsen Staatliche Studienakademie Glauchau;https://www.instagram.com/baglauchau/?hl=en
TU Dresden;https://www.instagram.com/tudresden/
Heinrich-Heine-Universität Düsseldorf;https://www.instagram.com/hhu_de/
Bayerische Rotes Kreuz;https://www.instagram.com/bayroteskreuz/?hl=en
Technische Universität Bergakademie Freiberg;https://www.instagram.com/bergakademie_freiberg/
AWO-Sozialmanagement gGmbH;https://www.instagram.com/awothueringen/?hl=de
Otto Christ AG;https://www.instagram.com/christwashsystems/
Medical Park Bad Rodach GmbH;https://www.instagram.com/medicalparkgermany/
FH Bielefeld / Fachhochschule Bielefeld;https://www.instagram.com/fhbielefeld/?hl=en
