company;xing
HSM GmbH & Co. KG;https://www.xing.com/companies/hsmgmbh+co.kg
Bernd Siegmund GmbH;https://www.xing.com/companies/berndsiegmundgmbh
Ritter Energie- und Umwelttechnik GmbH & Co. KG;https://www.xing.com/companies/ritterenergie-undumwelttechnikgmbh%26co.kg
ENGEL AUSTRIA GmbH;https://www.xing.com/companies/engelaustriagmbh
Rembe Gmbh Safety Control;https://www.xing.com/companies/rembegmbhsafety+control
CALANBAU Brandschutzanlagen GmbH;https://www.xing.com/companies/fireprotectionsolutions/updates
ruhlamat GmbH;https://www.xing.com/companies/ruhlamatgmbh
BerlinerLuft.Technik GmbH;https://www.xing.com/companies/berlinerluft.unternehmensgruppe
LTW Intralogistics GmbH;https://www.xing.com/companies/ltwintralogisticsgmbh
Carl Hirschmann GmbH;https://www.xing.com/companies/carlhirschmanngmbh
KS Engineers - Kristl;https://www.xing.com/companies/ksengineers
BERTSCHgroup;https://www.xing.com/companies/bertschholdinggmbh
Claas KGaA mbH - Claas Gruppe;https://www.xing.com/pages/claas
Netstal-Maschinen AG;https://www.xing.com/companies/kraussmaffeitechnologiesgmbh
RIPPERT Anlagentechnik GmbH;https://www.xing.com/companies/rippertanlagentechnikgmbh&co.kg
de Man Industrie-Automation GmbH;https://www.xing.com/pages/demanautomation-servicegmbh-co-kg
Gollmann Kommissioniersysteme GmbH;https://www.xing.com/companies/gollmannkommissioniersystemegmbh
Koch Industrieanlagen GmbH;https://www.xing.com/pages/kochindustrieanlagengmbh
Bernard Krone Holding GmbH & Co. KG;https://www.xing.com/companies/maschinenfabrikbernardkronegmbh&co.kg
Sturm Holding GmbH;https://www.xing.com/companies/sturm-gruppe
Eputec Drucklufttechnik GmbH;https://www.xing.com/companies/eputecdrucklufttechnikgmbh
TGM Kanis Turbinen GmbH;https://www.xing.com/companies/tgmkanisturbinengmbh
Neuenhauser Maschinenbau GmbH;https://www.xing.com/companies/neuenhausermaschinenbaugmbh/updates
Luehr Filter GmbH;https://www.xing.com/pages/luehrfilter
Schmidt & Heinzmann GmbH & Co. KG;https://www.xing.com/companies/schmidt&heinzmanngmbh&co.kg
FRIMO Lotte GmbH;https://www.xing.com/companies/frimogroupgmbh
Deharde GmbH;https://www.xing.com/companies/dehardegmbh
Ammann Schweiz AG - Ammann Group;https://www.xing.com/companies/amanngroup
MTS Gesellschaft f?r Maschinentechnik & Sonderbauten mbH;https://www.xing.com/companies/mtsmaschinentechnikschrodeag
Cooper Crouse-Hinds GmbH;https://www.xing.com/companies/eatoncorporation/employees
FLACO-Ger?te GmbH;https://www.xing.com/companies/flaco-ger%C3%A4tegmbh
VINCI Facilities Deutschland GmbH;https://www.xing.com/companies/vincifacilitiesdeutschlandgmbh
RAUCH Landmaschinenfabrik GmbH;https://www.xing.com/companies/rauchlandmaschinenfabrikgmbh
RASOMA Werkzeugmaschinen GmbH;https://www.xing.com/companies/rasomawerkzeugmaschinengmbh
R. Schramm GmbH;https://www.xing.com/companies/r.schrammgmbh
Strasser GmbH;https://www.xing.com/companies/strassergmbh
L?dige Industries Gruppe - L?dige F?rdertechnik GmbH;https://www.xing.com/companies/l%C3%B6digeindustriesgmbh
Albrecht B?umer GmbH & Co. KG Spezialmaschinenfabrik;https://www.xing.com/companies/albrechtb%C3%A4umergmbh%26co.kg
IBO GmbH;https://www.xing.com/companies/ibogmbhkirchheim
HOMAG Group AG;https://www.xing.com/company/homag
Gl?ser GmbH;https://www.xing.com/company/homag
WIBO-WERK GmbH Hamburg;https://www.xing.com/companies/wibo-werkgmbh
RATIONAL Aktiengesellschaft;https://www.xing.com/companies/rational
AHP Merkle GmbH;https://www.xing.com/companies/ahpmerklegmbh
Nanotec Electronic GmbH & Co.KG;https://www.xing.com/companies/nanotecelectronicgmbh%26co.kg
KLAUS Multiparking GmbH;https://www.xing.com/companies/klausmultiparkinggmbhautoparksysteme
Sumitomo (SHI) Demag Plastics Machinery GmbH;https://www.xing.com/companies/sumitomoshidemag
Meusburger Georg GmbH & Co KG;https://www.xing.com/companies/meusburgergeorggmbh%26cokg
SCHULZ Systemtechnik GmbH;https://www.xing.com/companies/schulzsystemtechnikgmbh
Zippel GmbH & Co. KG Maschinenfabrik;https://www.xing.com/pages/zippelgmbh
Fagus-GreCon Greten GmbH & Co. KG;https://www.xing.com/companies/fagus-grecongretengmbh%26co.kg/employees
THEEGARTEN-PACTEC GmbH & Co. KG;https://www.xing.com/companies/theegarten-pactecgmbh%26co.kg
MicroStep Europa GmbH;https://www.xing.com/companies/microstepeuropagmbh
Fricke und Mallah Microwave Technology GmbH;https://www.xing.com/companies/frickeundmallahmicrowavetechnologygmbh
OPTIMA pharma GmbH - Stammsitz;https://www.xing.com/companies/optimapackaginggroupgmbh
VIRO engineering;https://www.xing.com/companies/viroosnabr%C3%BCckgmbh
TRACTO-TECHNIK GmbH & Co. KG;https://www.xing.com/companies/tracto-technikgmbh%26co.kg
HAWE Hydraulik SE;https://www.xing.com/companies/hawehydraulikse
FUNKE W?rmeaustauscher Apparatebau GmbH;https://www.xing.com/companies/funkew%C3%A4rmeaustauscherapparatebaugmbh
German RepRap GmbH;https://www.xing.com/companies/germanreprapgmbh
Pumpenfabrik Wangen GmbH;https://www.xing.com/companies/pumpenfabrikwangengmbh
MAX STREICHER GmbH & Co.KG aA;https://www.xing.com/companies/maxstreichergmbh%26co.kgaa
Contexo Gmbh;https://www.xing.com/companies/contexogmbh
Liebherr-International Deutschland GmbH;https://www.xing.com/company/liebherr
Konecranes GmbH;https://www.xing.com/companies/konecranesgmbh
Licon mt GmbH & Co. KG;https://www.xing.com/companies/liconmtgmbh&co.kg
RS-Simulatoren Group;https://www.xing.com/companies/rs-simulatorengruppe
Gebr?der L?dige Maschinenbau GmbH;https://www.xing.com/companies/gebr%C3%BCderl%C3%B6digemaschinenbaugmbh
MOESCHTER GROUP;https://www.xing.com/companies/moeschtergroupgmbh
Aereco GmbH;https://www.xing.com/companies/aerecogmbh
Emission Partner GmbH & Co. KG;https://www.xing.com/companies/emissionpartnergmbh&cokg
Aumann GmbH;https://www.xing.com/pages/aumanngmbh
Aventics GmbH;https://www.xing.com/companies/aventicsgmbh/employees
KraussMaffei Technologies GmbH - KraussMaffei Group;https://www.xing.com/companies/kraussmaffeitechnologiesgmbh
Heinrich Georg GmbH;https://www.xing.com/companies/heinrichgeorggmbh
Liftstar Service GmbH;https://www.xing.com/company/liftstar
Tomra?Sorting?Gmbh;https://www.xing.com/companies/tomrasortinggmbh
Swagelok B.E.S.T. FLUIDSYSTEME GmbH;https://www.xing.com/company/swagelok-duesseldorf
OAS AG;https://www.xing.com/pages/oasag
B?cker?Maschinenwerke?GmbH;https://www.xing.com/companies/b%C3%B6ckermaschinenwerkegmbh
R?ltgen GmbH & Co.KG;https://www.xing.com/companies/r%C3%B6ltgengmbh%26co.kg-kennzeichnungswerkzeugeund-maschinen
BAUER Maschinen GmbH;https://www.xing.com/pages/bauergruppe
Twin-Busch GmbH;https://www.xing.com/companies/twinbuschgmbh
Stanley Black & Decker Deutschland GmbH;https://www.xing.com/company/stanleyblackanddecker
PETERS Maschinenbau GmbH & Co. KG;https://www.xing.com/companies/petersmaschinenbaugmbh&co.kg
Schminke Krantechnik GmbH;https://www.xing.com/companies/schminkekrantechnikgmbh
Griesemann Gruppe;https://www.xing.com/companies/griesemanngruppe
HSR GmbH;https://www.xing.com/companies/hsrgmbhhochdruckschlauch+rohrverbindungen
F. Zimmermann GmbH;https://www.xing.com/companies/f.zimmermanngmbh
Nidec Gpm Gmbh;https://www.xing.com/companies/nidecgpmgmbh/updates
Horst Rother GmbH;https://www.xing.com/companies/horstrothergmbh
Getriebebau NORD GmbH & Co. KG;https://www.xing.com/company/getriebebaunord
Xylem Water Solutions Deutschland GmbH;https://www.xing.com/company/xylem
Bosch Thermotechnik GmbH;https://www.xing.com/companies/boschthermotechnikgmbh/employees
J+P Maschinenbau GmbH;https://www.xing.com/companies/j+pmaschinenbaugmbh
Novexx Solutions GmbH;https://www.xing.com/companies/novexxsolutionsgmbh
Heinrich KUPER GmbH & Co. KG;https://www.xing.com/companies/heinrichkupergmbh&co.kg
KEMPER GmbH;https://www.xing.com/companies/kempergmbh
Irion Vertriebs-GmbH;https://www.xing.com/companies/irionvertriebsgmbh/employees
KUHFUSS DELABIE GmbH;https://www.xing.com/companies/delabiegmbh
Maschinenfabrik Reinartz GmbH & Co. KG;https://www.xing.com/companies/maschinenfabrikreinartzgmbh&co.kg
REMMERT GmbH;https://www.xing.com/companies/remmertgmbh
Frima Gmbh & Co. Kg;https://www.xing.com/companies/frimagmbh%26co.kg
Linde Material Handling GmbH;https://www.xing.com/pages/lindematerialhandlinggmbh
C. E. Schneckenfl?gel GmbH;https://www.xing.com/companies/c.e.schneckenfl%C3%BCgelgmbh
BrauKon GmbH;https://www.xing.com/companies/braukongmbh
Rheinmetall?Group - Rheinmetall AG;https://www.xing.com/companies/rheinmetallgroup
M+M Turbinen-Technik GmbH;https://www.xing.com/companies/m+mturbinen-technikgmbh
Vectoflow GmbH;https://www.linkedin.com/company/vectoflow/people/
F.u.n.k.e. Mittelstands GmbH;https://www.xing.com/companies/f.u.n.k.e.mittelstandsgmbh
Dvs Technology Group C/o Diskus Werke Ag;https://www.xing.com/pages/dvstechnologygroup
FMA ? Freitaler Metall- und Anlagenbau GmbH;https://www.xing.com/companies/fma-freitalermetall-undanlagenbaugmbh
Diehl Metering GmbH;https://www.xing.com/pages/diehlgruppe
B?llhoff Gruppe - Wilhelm B?llhoff Gmbh & Co. Kg;https://www.xing.com/company/boellhoff
Systeex Brandschutzsysteme GmbH;https://www.xing.com/companies/systeexbrandschutzsystemegmbh
MICHELFELDER Automotive GmbH;https://www.xing.com/companies/michelfeldergruppe
Mosca GmbH;https://www.xing.com/pages/moscagmbh
cyberTECHNOLOGIES GmbH;https://www.xing.com/companies/cybertechnologiesgmbh
Aufzugswerke Schmitt + Sohn GmbH & Co. KG;https://www.xing.com/company/schmitt-und-sohn-aufzuege
Richard Bergner Holding GmbH & Co. KG - Ribe Gruppe;https://www.xing.com/pages/richardbergnerholdinggmbh-co-kg
schambeck automotive GmbH;https://www.xing.com/companies/schambeckautomotivegmbh
Vetten Krane & Service GmbH;https://www.xing.com/companies/vettenkrane&servicegmbh
EWM AG;https://www.xing.com/companies/ewmag
Mitsubishi Electric Europe BV Belgium;https://www.xing.com/company/mitsubishi-electric
HASCO Hasenclever GmbH + Co KG;https://www.xing.com/companies/hascohasenclevergmbh+cokg
Hosokawa Alpine AG;https://www.xing.com/company/hosokawa-alpine
Tyroller Hydraulik GmbH;https://www.xing.com/companies/tyrollerhydraulikgmbh
ALD Vacuum Technologies GmbH;https://www.xing.com/pages/aldvacuumtechnologiesgmbh
Bartec Top Holding Gmbh - Bartec Gruppe;https://www.xing.com/companies/bartecgruppe
GPA-Jakob Pressenautomation GmbH;https://www.xing.com/companies/gpa-jakobpressenautomationgmbh
Motius GmbH;https://www.xing.com/companies/motiusgmbh
Saurer Spinning Solutions GmbH & Co. KG Fellbach;https://www.xing.com/companies/saurergroup
Albach Maschinenbau GmbH & Co. KG;https://www.xing.com/companies/albachmaschinenbaugmbh
Fl?ktGroup Deutschland GmbH;https://www.xing.com/companies/fl%C3%A4ktgroupdeutschlandgmbh
ZELTWANGER Holding GmbH;https://www.xing.com/companies/zeltwangergruppe
Bilfinger Maintenance GmbH;https://www.xing.com/company/bilfinger
F?rst GmbH;https://www.xing.com/companies/f%C3%B6rstgmbh
Felss Group GmbH;https://www.xing.com/companies/felssgroupgmbh
C&CS catalysts and chemical specialties GmbH;https://www.xing.com/profile/Julius_Nickl
SLM Solutions Group AG;https://www.xing.com/companies/slmsolutionsgroupag
fruitcore GmbH;https://www.xing.com/companies/fruitcoreroboticsgmbh
2G Energy AG;https://www.xing.com/companies/2genergyag
BAUER Resources GmbH;https://www.xing.com/pages/bauergruppe
Gebr. Eickhoff Maschinenfabrik und Eisengie?erei GmbH;https://www.xing.com/companies/gebr.eickhoffmaschinenfabriku.eisengiessereigmbh
Vestner Aufz?ge GmbH;https://www.xing.com/companies/vestneraufz%C3%BCgegmbh
BMI;https://www.xing.com/company/bmigroup
GMVT GmbH;https://www.xing.com/companies/gmvtgmbh
Syntegon Technology GmbH;https://www.xing.com/company/syntegon
KEBA Industrial Automation Germany GmbH;https://www.xing.com/companies/kebaag/updates
Aeditive Gmbh;https://www.xing.com/companies/aeditive
Bosch Gruppe;https://www.xing.com/companies/boschthermotechnikgmbh/employees
DATRON AG;https://www.xing.com/companies/datronag
Zeiser GmbH;https://www.xing.com/companies/zeisergmbh
Jasper Industriehydraulik GmbH & Co. KG;https://www.xing.com/companies/jasperindustriehydraulikgmbh&co.kg
FANUC Deutschland GmbH;https://www.xing.com/company/fanucdeutschland
M-tec Mathis Technik Gmbh;https://www.xing.com/companies/m-tecmathistechnikgmbh
MSW Montageservice GmbH;https://www.xing.com/companies/mswmontageservicegmbh
CROWN Gabelstapler GmbH & Co. KG;https://www.xing.com/companies/crowngabelstaplergmbh&co.kg
Unitechnik Systems GmbH;https://www.xing.com/companies/unitechniksystemsgmbh
SMC Deutschland GmbH;https://www.xing.com/company/smcdeutschland
Ebm-Papst Mulfingen GmbH & Co. KG;https://www.xing.com/companies/ebm-papstgruppe
Fritsch Gmbh;https://www.xing.com/companies/fritschbakerytechnologies
Emde Industrie-Technik GmbH;https://www.xing.com/companies/emdeautomationgmbh
Weiss GmbH;https://www.xing.com/companies/weissgmbh
Hammel Recyclingtechnik GmbH;https://www.xing.com/companies/hammelrecyclingtechnikgmbh
Otto Christ AG;https://www.xing.com/companies/ottochristag
B. Ketterer S?hne GmbH Co.KG;https://www.xing.com/companies/b.ketterers%C3%B6hnegmbh%26co.kg
GTS Generator. Technik. Systeme. GmbH & Co. KG;https://www.xing.com/companies/generator.technik.systemegmbh&co.kg
AVERMANN Maschinenfabrik GmbH & Co. KG;https://www.xing.com/companies/avermannmaschinenfabrikgmbh%26co.kg
VWH GmbH;https://www.xing.com/companies/vwhgmbh
Braunschweigische Maschinenbauanstalt AG - BMA;https://www.xing.com/companies/bmabraunschweigischemaschinenbauanstaltag
