Hi,<br />
<br />
ein neuer Termin wurde gebucht:<br />
<br />
Service: %service_name%<br />
Kundenname: %name_kunde%<br />
E-Mail: %user_email%<br />
Telefonnummer: %tel_number%<br />
Datum und Uhrzeit: %appointment_date%<br />
<br />
<a href="https://www.brodos.net/omnichannel/termin-bestaetigen/?url=https://telefonladenlandshut.brodos.shop/&service=%service_name%&name1=%name_kunde%&email=%user_email%&tel=%tel_number%&date=%appointment_date%&choice=accept">Termin akzeptieren</a>
<br />
<br />
<a href="https://www.brodos.net/omnichannel/termin-bestaetigen/?url=https://telefonladenlandshut.brodos.shop/&service=%service_name%&name1=%name_kunde%&email=%user_email%&tel=%tel_number%&date=%appointment_date%&choice=decline">Termin ablehnen</a>
<br />
<br />
Wenn du deinem Kunden einen alternativen Termin vorschlagen möchtest
<a href="https://www.brodos.net/omnichannel/termin-bestaetigen/?url=https://telefonladenlandshut.brodos.shop/&service=%service_name%&name1=%name_kunde%&email=%user_email%&tel=%tel_number%&date=%appointment_date%&choice=accept%20with%20a%20different%20date"
>klicke hier.</a>

Hi,<br />
<br />
ein neuer Termin wurde gebucht:<br />
<br />
Service: %service_name%<br />
Kundenname: %name_kunde%<br />
E-Mail: %user_email%<br />
Telefonnummer: %tel_number%<br />
Datum und Uhrzeit: %appointment_date%<br />
<br />
<a href="https://www.brodos.net/omnichannel/termin-bestaetigen/?url=https://telefonmaenner.brodos.shop/&service=%service_name%&name1=%name_kunde%&email=%user_email%&tel=%tel_number%&date=%appointment_date%&choice=accept">Termin akzeptieren</a>
<br />
<br />
<a href="https://www.brodos.net/omnichannel/termin-bestaetigen/?url=https://telefonmaenner.brodos.shop/&service=%service_name%&name1=%name_kunde%&email=%user_email%&tel=%tel_number%&date=%appointment_date%&choice=decline">Termin ablehnen</a>
<br />
<br />
Wenn du deinem Kunden einen alternativen Termin vorschlagen möchtest
<a href="https://www.brodos.net/omnichannel/termin-bestaetigen/?url=https://telefonmaenner.brodos.shop/&service=%service_name%&name1=%name_kunde%&email=%user_email%&tel=%tel_number%&date=%appointment_date%&choice=accept%20with%20a%20different%20date"
>klicke hier.</a>

Hi,<br />
<br />
ein neuer Termin wurde gebucht:<br />
<br />
Service: %service_name%<br />
Kundenname: %name_kunde%<br />
E-Mail: %user_email%<br />
Telefonnummer: %tel_number%<br />
Datum und Uhrzeit: %appointment_date%<br />
<br />
<a href="https://www.brodos.net/omnichannel/termin-bestaetigen/?url=https://telefonshop-graefenberg.de/&service=%service_name%&name1=%name_kunde%&email=%user_email%&tel=%tel_number%&date=%appointment_date%&choice=accept">Termin akzeptieren</a>
<br />
<br />
<a href="https://www.brodos.net/omnichannel/termin-bestaetigen/?url=https://telefonshop-graefenberg.de/&service=%service_name%&name1=%name_kunde%&email=%user_email%&tel=%tel_number%&date=%appointment_date%&choice=decline">Termin ablehnen</a>
<br />
<br />
Wenn du deinem Kunden einen alternativen Termin vorschlagen möchtest
<a href="https://www.brodos.net/omnichannel/termin-bestaetigen/?url=https://telefonshop-graefenberg.de/&service=%service_name%&name1=%name_kunde%&email=%user_email%&tel=%tel_number%&date=%appointment_date%&choice=accept%20with%20a%20different%20date"
>klicke hier.</a>

Hi,<br />
<br />
ein neuer Termin wurde gebucht:<br />
<br />
Service: %service_name%<br />
Kundenname: %name_kunde%<br />
E-Mail: %user_email%<br />
Telefonnummer: %tel_number%<br />
Datum und Uhrzeit: %appointment_date%<br />
<br />
<a href="https://www.brodos.net/omnichannel/termin-bestaetigen/?url=https://telefonshop-im-zo.de/&service=%service_name%&name1=%name_kunde%&email=%user_email%&tel=%tel_number%&date=%appointment_date%&choice=accept">Termin akzeptieren</a>
<br />
<br />
<a href="https://www.brodos.net/omnichannel/termin-bestaetigen/?url=https://telefonshop-im-zo.de/&service=%service_name%&name1=%name_kunde%&email=%user_email%&tel=%tel_number%&date=%appointment_date%&choice=decline">Termin ablehnen</a>
<br />
<br />
Wenn du deinem Kunden einen alternativen Termin vorschlagen möchtest
<a href="https://www.brodos.net/omnichannel/termin-bestaetigen/?url=https://telefonshop-im-zo.de/&service=%service_name%&name1=%name_kunde%&email=%user_email%&tel=%tel_number%&date=%appointment_date%&choice=accept%20with%20a%20different%20date"
>klicke hier.</a>

Hi,<br />
<br />
ein neuer Termin wurde gebucht:<br />
<br />
Service: %service_name%<br />
Kundenname: %name_kunde%<br />
E-Mail: %user_email%<br />
Telefonnummer: %tel_number%<br />
Datum und Uhrzeit: %appointment_date%<br />
<br />
<a href="https://www.brodos.net/omnichannel/termin-bestaetigen/?url=https://telefonshop-suetterlin.de/&service=%service_name%&name1=%name_kunde%&email=%user_email%&tel=%tel_number%&date=%appointment_date%&choice=accept">Termin akzeptieren</a>
<br />
<br />
<a href="https://www.brodos.net/omnichannel/termin-bestaetigen/?url=https://telefonshop-suetterlin.de/&service=%service_name%&name1=%name_kunde%&email=%user_email%&tel=%tel_number%&date=%appointment_date%&choice=decline">Termin ablehnen</a>
<br />
<br />
Wenn du deinem Kunden einen alternativen Termin vorschlagen möchtest
<a href="https://www.brodos.net/omnichannel/termin-bestaetigen/?url=https://telefonshop-suetterlin.de/&service=%service_name%&name1=%name_kunde%&email=%user_email%&tel=%tel_number%&date=%appointment_date%&choice=accept%20with%20a%20different%20date"
>klicke hier.</a>

Hi,<br />
<br />
ein neuer Termin wurde gebucht:<br />
<br />
Service: %service_name%<br />
Kundenname: %name_kunde%<br />
E-Mail: %user_email%<br />
Telefonnummer: %tel_number%<br />
Datum und Uhrzeit: %appointment_date%<br />
<br />
<a href="https://www.brodos.net/omnichannel/termin-bestaetigen/?url=https://telefonshop-vs.brodos.shop/&service=%service_name%&name1=%name_kunde%&email=%user_email%&tel=%tel_number%&date=%appointment_date%&choice=accept">Termin akzeptieren</a>
<br />
<br />
<a href="https://www.brodos.net/omnichannel/termin-bestaetigen/?url=https://telefonshop-vs.brodos.shop/&service=%service_name%&name1=%name_kunde%&email=%user_email%&tel=%tel_number%&date=%appointment_date%&choice=decline">Termin ablehnen</a>
<br />
<br />
Wenn du deinem Kunden einen alternativen Termin vorschlagen möchtest
<a href="https://www.brodos.net/omnichannel/termin-bestaetigen/?url=https://telefonshop-vs.brodos.shop/&service=%service_name%&name1=%name_kunde%&email=%user_email%&tel=%tel_number%&date=%appointment_date%&choice=accept%20with%20a%20different%20date"
>klicke hier.</a>

Hi,<br />
<br />
ein neuer Termin wurde gebucht:<br />
<br />
Service: %service_name%<br />
Kundenname: %name_kunde%<br />
E-Mail: %user_email%<br />
Telefonnummer: %tel_number%<br />
Datum und Uhrzeit: %appointment_date%<br />
<br />
<a href="https://www.brodos.net/omnichannel/termin-bestaetigen/?url=https://telefonundmehr.online/&service=%service_name%&name1=%name_kunde%&email=%user_email%&tel=%tel_number%&date=%appointment_date%&choice=accept">Termin akzeptieren</a>
<br />
<br />
<a href="https://www.brodos.net/omnichannel/termin-bestaetigen/?url=https://telefonundmehr.online/&service=%service_name%&name1=%name_kunde%&email=%user_email%&tel=%tel_number%&date=%appointment_date%&choice=decline">Termin ablehnen</a>
<br />
<br />
Wenn du deinem Kunden einen alternativen Termin vorschlagen möchtest
<a href="https://www.brodos.net/omnichannel/termin-bestaetigen/?url=https://telefonundmehr.online/&service=%service_name%&name1=%name_kunde%&email=%user_email%&tel=%tel_number%&date=%appointment_date%&choice=accept%20with%20a%20different%20date"
>klicke hier.</a>

Hi,<br />
<br />
ein neuer Termin wurde gebucht:<br />
<br />
Service: %service_name%<br />
Kundenname: %name_kunde%<br />
E-Mail: %user_email%<br />
Telefonnummer: %tel_number%<br />
Datum und Uhrzeit: %appointment_date%<br />
<br />
<a href="https://www.brodos.net/omnichannel/termin-bestaetigen/?url=https://telefonwerkstatt.brodos.shop/&service=%service_name%&name1=%name_kunde%&email=%user_email%&tel=%tel_number%&date=%appointment_date%&choice=accept">Termin akzeptieren</a>
<br />
<br />
<a href="https://www.brodos.net/omnichannel/termin-bestaetigen/?url=https://telefonwerkstatt.brodos.shop/&service=%service_name%&name1=%name_kunde%&email=%user_email%&tel=%tel_number%&date=%appointment_date%&choice=decline">Termin ablehnen</a>
<br />
<br />
Wenn du deinem Kunden einen alternativen Termin vorschlagen möchtest
<a href="https://www.brodos.net/omnichannel/termin-bestaetigen/?url=https://telefonwerkstatt.brodos.shop/&service=%service_name%&name1=%name_kunde%&email=%user_email%&tel=%tel_number%&date=%appointment_date%&choice=accept%20with%20a%20different%20date"
>klicke hier.</a>

Hi,<br />
<br />
ein neuer Termin wurde gebucht:<br />
<br />
Service: %service_name%<br />
Kundenname: %name_kunde%<br />
E-Mail: %user_email%<br />
Telefonnummer: %tel_number%<br />
Datum und Uhrzeit: %appointment_date%<br />
<br />
<a href="https://www.brodos.net/omnichannel/termin-bestaetigen/?url=https://telehausshop24.de/&service=%service_name%&name1=%name_kunde%&email=%user_email%&tel=%tel_number%&date=%appointment_date%&choice=accept">Termin akzeptieren</a>
<br />
<br />
<a href="https://www.brodos.net/omnichannel/termin-bestaetigen/?url=https://telehausshop24.de/&service=%service_name%&name1=%name_kunde%&email=%user_email%&tel=%tel_number%&date=%appointment_date%&choice=decline">Termin ablehnen</a>
<br />
<br />
Wenn du deinem Kunden einen alternativen Termin vorschlagen möchtest
<a href="https://www.brodos.net/omnichannel/termin-bestaetigen/?url=https://telehausshop24.de/&service=%service_name%&name1=%name_kunde%&email=%user_email%&tel=%tel_number%&date=%appointment_date%&choice=accept%20with%20a%20different%20date"
>klicke hier.</a>

Hi,<br />
<br />
ein neuer Termin wurde gebucht:<br />
<br />
Service: %service_name%<br />
Kundenname: %name_kunde%<br />
E-Mail: %user_email%<br />
Telefonnummer: %tel_number%<br />
Datum und Uhrzeit: %appointment_date%<br />
<br />
<a href="https://www.brodos.net/omnichannel/termin-bestaetigen/?url=https://telekom-partner-mindelheim.de/&service=%service_name%&name1=%name_kunde%&email=%user_email%&tel=%tel_number%&date=%appointment_date%&choice=accept">Termin akzeptieren</a>
<br />
<br />
<a href="https://www.brodos.net/omnichannel/termin-bestaetigen/?url=https://telekom-partner-mindelheim.de/&service=%service_name%&name1=%name_kunde%&email=%user_email%&tel=%tel_number%&date=%appointment_date%&choice=decline">Termin ablehnen</a>
<br />
<br />
Wenn du deinem Kunden einen alternativen Termin vorschlagen möchtest
<a href="https://www.brodos.net/omnichannel/termin-bestaetigen/?url=https://telekom-partner-mindelheim.de/&service=%service_name%&name1=%name_kunde%&email=%user_email%&tel=%tel_number%&date=%appointment_date%&choice=accept%20with%20a%20different%20date"
>klicke hier.</a>

Hi,<br />
<br />
ein neuer Termin wurde gebucht:<br />
<br />
Service: %service_name%<br />
Kundenname: %name_kunde%<br />
E-Mail: %user_email%<br />
Telefonnummer: %tel_number%<br />
Datum und Uhrzeit: %appointment_date%<br />
<br />
<a href="https://www.brodos.net/omnichannel/termin-bestaetigen/?url=https://telekom.brodos.shop/&service=%service_name%&name1=%name_kunde%&email=%user_email%&tel=%tel_number%&date=%appointment_date%&choice=accept">Termin akzeptieren</a>
<br />
<br />
<a href="https://www.brodos.net/omnichannel/termin-bestaetigen/?url=https://telekom.brodos.shop/&service=%service_name%&name1=%name_kunde%&email=%user_email%&tel=%tel_number%&date=%appointment_date%&choice=decline">Termin ablehnen</a>
<br />
<br />
Wenn du deinem Kunden einen alternativen Termin vorschlagen möchtest
<a href="https://www.brodos.net/omnichannel/termin-bestaetigen/?url=https://telekom.brodos.shop/&service=%service_name%&name1=%name_kunde%&email=%user_email%&tel=%tel_number%&date=%appointment_date%&choice=accept%20with%20a%20different%20date"
>klicke hier.</a>

Hi,<br />
<br />
ein neuer Termin wurde gebucht:<br />
<br />
Service: %service_name%<br />
Kundenname: %name_kunde%<br />
E-Mail: %user_email%<br />
Telefonnummer: %tel_number%<br />
Datum und Uhrzeit: %appointment_date%<br />
<br />
<a href="https://www.brodos.net/omnichannel/termin-bestaetigen/?url=https://telekommunikation-engelhardt.brodos.shop/&service=%service_name%&name1=%name_kunde%&email=%user_email%&tel=%tel_number%&date=%appointment_date%&choice=accept">Termin akzeptieren</a>
<br />
<br />
<a href="https://www.brodos.net/omnichannel/termin-bestaetigen/?url=https://telekommunikation-engelhardt.brodos.shop/&service=%service_name%&name1=%name_kunde%&email=%user_email%&tel=%tel_number%&date=%appointment_date%&choice=decline">Termin ablehnen</a>
<br />
<br />
Wenn du deinem Kunden einen alternativen Termin vorschlagen möchtest
<a href="https://www.brodos.net/omnichannel/termin-bestaetigen/?url=https://telekommunikation-engelhardt.brodos.shop/&service=%service_name%&name1=%name_kunde%&email=%user_email%&tel=%tel_number%&date=%appointment_date%&choice=accept%20with%20a%20different%20date"
>klicke hier.</a>

Hi,<br />
<br />
ein neuer Termin wurde gebucht:<br />
<br />
Service: %service_name%<br />
Kundenname: %name_kunde%<br />
E-Mail: %user_email%<br />
Telefonnummer: %tel_number%<br />
Datum und Uhrzeit: %appointment_date%<br />
<br />
<a href="https://www.brodos.net/omnichannel/termin-bestaetigen/?url=https://telekommunikation-lange.de/&service=%service_name%&name1=%name_kunde%&email=%user_email%&tel=%tel_number%&date=%appointment_date%&choice=accept">Termin akzeptieren</a>
<br />
<br />
<a href="https://www.brodos.net/omnichannel/termin-bestaetigen/?url=https://telekommunikation-lange.de/&service=%service_name%&name1=%name_kunde%&email=%user_email%&tel=%tel_number%&date=%appointment_date%&choice=decline">Termin ablehnen</a>
<br />
<br />
Wenn du deinem Kunden einen alternativen Termin vorschlagen möchtest
<a href="https://www.brodos.net/omnichannel/termin-bestaetigen/?url=https://telekommunikation-lange.de/&service=%service_name%&name1=%name_kunde%&email=%user_email%&tel=%tel_number%&date=%appointment_date%&choice=accept%20with%20a%20different%20date"
>klicke hier.</a>

Hi,<br />
<br />
ein neuer Termin wurde gebucht:<br />
<br />
Service: %service_name%<br />
Kundenname: %name_kunde%<br />
E-Mail: %user_email%<br />
Telefonnummer: %tel_number%<br />
Datum und Uhrzeit: %appointment_date%<br />
<br />
<a href="https://www.brodos.net/omnichannel/termin-bestaetigen/?url=https://telekompartner-ansbach.de/&service=%service_name%&name1=%name_kunde%&email=%user_email%&tel=%tel_number%&date=%appointment_date%&choice=accept">Termin akzeptieren</a>
<br />
<br />
<a href="https://www.brodos.net/omnichannel/termin-bestaetigen/?url=https://telekompartner-ansbach.de/&service=%service_name%&name1=%name_kunde%&email=%user_email%&tel=%tel_number%&date=%appointment_date%&choice=decline">Termin ablehnen</a>
<br />
<br />
Wenn du deinem Kunden einen alternativen Termin vorschlagen möchtest
<a href="https://www.brodos.net/omnichannel/termin-bestaetigen/?url=https://telekompartner-ansbach.de/&service=%service_name%&name1=%name_kunde%&email=%user_email%&tel=%tel_number%&date=%appointment_date%&choice=accept%20with%20a%20different%20date"
>klicke hier.</a>

Hi,<br />
<br />
ein neuer Termin wurde gebucht:<br />
<br />
Service: %service_name%<br />
Kundenname: %name_kunde%<br />
E-Mail: %user_email%<br />
Telefonnummer: %tel_number%<br />
Datum und Uhrzeit: %appointment_date%<br />
<br />
<a href="https://www.brodos.net/omnichannel/termin-bestaetigen/?url=https://telekomshop-parchim.de/&service=%service_name%&name1=%name_kunde%&email=%user_email%&tel=%tel_number%&date=%appointment_date%&choice=accept">Termin akzeptieren</a>
<br />
<br />
<a href="https://www.brodos.net/omnichannel/termin-bestaetigen/?url=https://telekomshop-parchim.de/&service=%service_name%&name1=%name_kunde%&email=%user_email%&tel=%tel_number%&date=%appointment_date%&choice=decline">Termin ablehnen</a>
<br />
<br />
Wenn du deinem Kunden einen alternativen Termin vorschlagen möchtest
<a href="https://www.brodos.net/omnichannel/termin-bestaetigen/?url=https://telekomshop-parchim.de/&service=%service_name%&name1=%name_kunde%&email=%user_email%&tel=%tel_number%&date=%appointment_date%&choice=accept%20with%20a%20different%20date"
>klicke hier.</a>

Hi,<br />
<br />
ein neuer Termin wurde gebucht:<br />
<br />
Service: %service_name%<br />
Kundenname: %name_kunde%<br />
E-Mail: %user_email%<br />
Telefonnummer: %tel_number%<br />
Datum und Uhrzeit: %appointment_date%<br />
<br />
<a href="https://www.brodos.net/omnichannel/termin-bestaetigen/?url=https://telemaster-soltau.brodos.shop/&service=%service_name%&name1=%name_kunde%&email=%user_email%&tel=%tel_number%&date=%appointment_date%&choice=accept">Termin akzeptieren</a>
<br />
<br />
<a href="https://www.brodos.net/omnichannel/termin-bestaetigen/?url=https://telemaster-soltau.brodos.shop/&service=%service_name%&name1=%name_kunde%&email=%user_email%&tel=%tel_number%&date=%appointment_date%&choice=decline">Termin ablehnen</a>
<br />
<br />
Wenn du deinem Kunden einen alternativen Termin vorschlagen möchtest
<a href="https://www.brodos.net/omnichannel/termin-bestaetigen/?url=https://telemaster-soltau.brodos.shop/&service=%service_name%&name1=%name_kunde%&email=%user_email%&tel=%tel_number%&date=%appointment_date%&choice=accept%20with%20a%20different%20date"
>klicke hier.</a>

Hi,<br />
<br />
ein neuer Termin wurde gebucht:<br />
<br />
Service: %service_name%<br />
Kundenname: %name_kunde%<br />
E-Mail: %user_email%<br />
Telefonnummer: %tel_number%<br />
Datum und Uhrzeit: %appointment_date%<br />
<br />
<a href="https://www.brodos.net/omnichannel/termin-bestaetigen/?url=https://telepoint.shop/&service=%service_name%&name1=%name_kunde%&email=%user_email%&tel=%tel_number%&date=%appointment_date%&choice=accept">Termin akzeptieren</a>
<br />
<br />
<a href="https://www.brodos.net/omnichannel/termin-bestaetigen/?url=https://telepoint.shop/&service=%service_name%&name1=%name_kunde%&email=%user_email%&tel=%tel_number%&date=%appointment_date%&choice=decline">Termin ablehnen</a>
<br />
<br />
Wenn du deinem Kunden einen alternativen Termin vorschlagen möchtest
<a href="https://www.brodos.net/omnichannel/termin-bestaetigen/?url=https://telepoint.shop/&service=%service_name%&name1=%name_kunde%&email=%user_email%&tel=%tel_number%&date=%appointment_date%&choice=accept%20with%20a%20different%20date"
>klicke hier.</a>

Hi,<br />
<br />
ein neuer Termin wurde gebucht:<br />
<br />
Service: %service_name%<br />
Kundenname: %name_kunde%<br />
E-Mail: %user_email%<br />
Telefonnummer: %tel_number%<br />
Datum und Uhrzeit: %appointment_date%<br />
<br />
<a href="https://www.brodos.net/omnichannel/termin-bestaetigen/?url=https://teleringcorner.de/&service=%service_name%&name1=%name_kunde%&email=%user_email%&tel=%tel_number%&date=%appointment_date%&choice=accept">Termin akzeptieren</a>
<br />
<br />
<a href="https://www.brodos.net/omnichannel/termin-bestaetigen/?url=https://teleringcorner.de/&service=%service_name%&name1=%name_kunde%&email=%user_email%&tel=%tel_number%&date=%appointment_date%&choice=decline">Termin ablehnen</a>
<br />
<br />
Wenn du deinem Kunden einen alternativen Termin vorschlagen möchtest
<a href="https://www.brodos.net/omnichannel/termin-bestaetigen/?url=https://teleringcorner.de/&service=%service_name%&name1=%name_kunde%&email=%user_email%&tel=%tel_number%&date=%appointment_date%&choice=accept%20with%20a%20different%20date"
>klicke hier.</a>

Hi,<br />
<br />
ein neuer Termin wurde gebucht:<br />
<br />
Service: %service_name%<br />
Kundenname: %name_kunde%<br />
E-Mail: %user_email%<br />
Telefonnummer: %tel_number%<br />
Datum und Uhrzeit: %appointment_date%<br />
<br />
<a href="https://www.brodos.net/omnichannel/termin-bestaetigen/?url=https://teleshop-lg.brodos.shop/&service=%service_name%&name1=%name_kunde%&email=%user_email%&tel=%tel_number%&date=%appointment_date%&choice=accept">Termin akzeptieren</a>
<br />
<br />
<a href="https://www.brodos.net/omnichannel/termin-bestaetigen/?url=https://teleshop-lg.brodos.shop/&service=%service_name%&name1=%name_kunde%&email=%user_email%&tel=%tel_number%&date=%appointment_date%&choice=decline">Termin ablehnen</a>
<br />
<br />
Wenn du deinem Kunden einen alternativen Termin vorschlagen möchtest
<a href="https://www.brodos.net/omnichannel/termin-bestaetigen/?url=https://teleshop-lg.brodos.shop/&service=%service_name%&name1=%name_kunde%&email=%user_email%&tel=%tel_number%&date=%appointment_date%&choice=accept%20with%20a%20different%20date"
>klicke hier.</a>

Hi,<br />
<br />
ein neuer Termin wurde gebucht:<br />
<br />
Service: %service_name%<br />
Kundenname: %name_kunde%<br />
E-Mail: %user_email%<br />
Telefonnummer: %tel_number%<br />
Datum und Uhrzeit: %appointment_date%<br />
<br />
<a href="https://www.brodos.net/omnichannel/termin-bestaetigen/?url=https://teleworld24.de/&service=%service_name%&name1=%name_kunde%&email=%user_email%&tel=%tel_number%&date=%appointment_date%&choice=accept">Termin akzeptieren</a>
<br />
<br />
<a href="https://www.brodos.net/omnichannel/termin-bestaetigen/?url=https://teleworld24.de/&service=%service_name%&name1=%name_kunde%&email=%user_email%&tel=%tel_number%&date=%appointment_date%&choice=decline">Termin ablehnen</a>
<br />
<br />
Wenn du deinem Kunden einen alternativen Termin vorschlagen möchtest
<a href="https://www.brodos.net/omnichannel/termin-bestaetigen/?url=https://teleworld24.de/&service=%service_name%&name1=%name_kunde%&email=%user_email%&tel=%tel_number%&date=%appointment_date%&choice=accept%20with%20a%20different%20date"
>klicke hier.</a>

Hi,<br />
<br />
ein neuer Termin wurde gebucht:<br />
<br />
Service: %service_name%<br />
Kundenname: %name_kunde%<br />
E-Mail: %user_email%<br />
Telefonnummer: %tel_number%<br />
Datum und Uhrzeit: %appointment_date%<br />
<br />
<a href="https://www.brodos.net/omnichannel/termin-bestaetigen/?url=https://telko-service.brodos.shop/&service=%service_name%&name1=%name_kunde%&email=%user_email%&tel=%tel_number%&date=%appointment_date%&choice=accept">Termin akzeptieren</a>
<br />
<br />
<a href="https://www.brodos.net/omnichannel/termin-bestaetigen/?url=https://telko-service.brodos.shop/&service=%service_name%&name1=%name_kunde%&email=%user_email%&tel=%tel_number%&date=%appointment_date%&choice=decline">Termin ablehnen</a>
<br />
<br />
Wenn du deinem Kunden einen alternativen Termin vorschlagen möchtest
<a href="https://www.brodos.net/omnichannel/termin-bestaetigen/?url=https://telko-service.brodos.shop/&service=%service_name%&name1=%name_kunde%&email=%user_email%&tel=%tel_number%&date=%appointment_date%&choice=accept%20with%20a%20different%20date"
>klicke hier.</a>

Hi,<br />
<br />
ein neuer Termin wurde gebucht:<br />
<br />
Service: %service_name%<br />
Kundenname: %name_kunde%<br />
E-Mail: %user_email%<br />
Telefonnummer: %tel_number%<br />
Datum und Uhrzeit: %appointment_date%<br />
<br />
<a href="https://www.brodos.net/omnichannel/termin-bestaetigen/?url=https://test-dev.brodos.shop/&service=%service_name%&name1=%name_kunde%&email=%user_email%&tel=%tel_number%&date=%appointment_date%&choice=accept">Termin akzeptieren</a>
<br />
<br />
<a href="https://www.brodos.net/omnichannel/termin-bestaetigen/?url=https://test-dev.brodos.shop/&service=%service_name%&name1=%name_kunde%&email=%user_email%&tel=%tel_number%&date=%appointment_date%&choice=decline">Termin ablehnen</a>
<br />
<br />
Wenn du deinem Kunden einen alternativen Termin vorschlagen möchtest
<a href="https://www.brodos.net/omnichannel/termin-bestaetigen/?url=https://test-dev.brodos.shop/&service=%service_name%&name1=%name_kunde%&email=%user_email%&tel=%tel_number%&date=%appointment_date%&choice=accept%20with%20a%20different%20date"
>klicke hier.</a>

Hi,<br />
<br />
ein neuer Termin wurde gebucht:<br />
<br />
Service: %service_name%<br />
Kundenname: %name_kunde%<br />
E-Mail: %user_email%<br />
Telefonnummer: %tel_number%<br />
Datum und Uhrzeit: %appointment_date%<br />
<br />
<a href="https://www.brodos.net/omnichannel/termin-bestaetigen/?url=https://test-qa.brodos.shop/&service=%service_name%&name1=%name_kunde%&email=%user_email%&tel=%tel_number%&date=%appointment_date%&choice=accept">Termin akzeptieren</a>
<br />
<br />
<a href="https://www.brodos.net/omnichannel/termin-bestaetigen/?url=https://test-qa.brodos.shop/&service=%service_name%&name1=%name_kunde%&email=%user_email%&tel=%tel_number%&date=%appointment_date%&choice=decline">Termin ablehnen</a>
<br />
<br />
Wenn du deinem Kunden einen alternativen Termin vorschlagen möchtest
<a href="https://www.brodos.net/omnichannel/termin-bestaetigen/?url=https://test-qa.brodos.shop/&service=%service_name%&name1=%name_kunde%&email=%user_email%&tel=%tel_number%&date=%appointment_date%&choice=accept%20with%20a%20different%20date"
>klicke hier.</a>

Hi,<br />
<br />
ein neuer Termin wurde gebucht:<br />
<br />
Service: %service_name%<br />
Kundenname: %name_kunde%<br />
E-Mail: %user_email%<br />
Telefonnummer: %tel_number%<br />
Datum und Uhrzeit: %appointment_date%<br />
<br />
<a href="https://www.brodos.net/omnichannel/termin-bestaetigen/?url=https://timemobile-berlin.brodos.shop/&service=%service_name%&name1=%name_kunde%&email=%user_email%&tel=%tel_number%&date=%appointment_date%&choice=accept">Termin akzeptieren</a>
<br />
<br />
<a href="https://www.brodos.net/omnichannel/termin-bestaetigen/?url=https://timemobile-berlin.brodos.shop/&service=%service_name%&name1=%name_kunde%&email=%user_email%&tel=%tel_number%&date=%appointment_date%&choice=decline">Termin ablehnen</a>
<br />
<br />
Wenn du deinem Kunden einen alternativen Termin vorschlagen möchtest
<a href="https://www.brodos.net/omnichannel/termin-bestaetigen/?url=https://timemobile-berlin.brodos.shop/&service=%service_name%&name1=%name_kunde%&email=%user_email%&tel=%tel_number%&date=%appointment_date%&choice=accept%20with%20a%20different%20date"
>klicke hier.</a>

Hi,<br />
<br />
ein neuer Termin wurde gebucht:<br />
<br />
Service: %service_name%<br />
Kundenname: %name_kunde%<br />
E-Mail: %user_email%<br />
Telefonnummer: %tel_number%<br />
Datum und Uhrzeit: %appointment_date%<br />
<br />
<a href="https://www.brodos.net/omnichannel/termin-bestaetigen/?url=https://tk-sommer.de/&service=%service_name%&name1=%name_kunde%&email=%user_email%&tel=%tel_number%&date=%appointment_date%&choice=accept">Termin akzeptieren</a>
<br />
<br />
<a href="https://www.brodos.net/omnichannel/termin-bestaetigen/?url=https://tk-sommer.de/&service=%service_name%&name1=%name_kunde%&email=%user_email%&tel=%tel_number%&date=%appointment_date%&choice=decline">Termin ablehnen</a>
<br />
<br />
Wenn du deinem Kunden einen alternativen Termin vorschlagen möchtest
<a href="https://www.brodos.net/omnichannel/termin-bestaetigen/?url=https://tk-sommer.de/&service=%service_name%&name1=%name_kunde%&email=%user_email%&tel=%tel_number%&date=%appointment_date%&choice=accept%20with%20a%20different%20date"
>klicke hier.</a>

Hi,<br />
<br />
ein neuer Termin wurde gebucht:<br />
<br />
Service: %service_name%<br />
Kundenname: %name_kunde%<br />
E-Mail: %user_email%<br />
Telefonnummer: %tel_number%<br />
Datum und Uhrzeit: %appointment_date%<br />
<br />
<a href="https://www.brodos.net/omnichannel/termin-bestaetigen/?url=https://tk.brodos.shop/&service=%service_name%&name1=%name_kunde%&email=%user_email%&tel=%tel_number%&date=%appointment_date%&choice=accept">Termin akzeptieren</a>
<br />
<br />
<a href="https://www.brodos.net/omnichannel/termin-bestaetigen/?url=https://tk.brodos.shop/&service=%service_name%&name1=%name_kunde%&email=%user_email%&tel=%tel_number%&date=%appointment_date%&choice=decline">Termin ablehnen</a>
<br />
<br />
Wenn du deinem Kunden einen alternativen Termin vorschlagen möchtest
<a href="https://www.brodos.net/omnichannel/termin-bestaetigen/?url=https://tk.brodos.shop/&service=%service_name%&name1=%name_kunde%&email=%user_email%&tel=%tel_number%&date=%appointment_date%&choice=accept%20with%20a%20different%20date"
>klicke hier.</a>

Hi,<br />
<br />
ein neuer Termin wurde gebucht:<br />
<br />
Service: %service_name%<br />
Kundenname: %name_kunde%<br />
E-Mail: %user_email%<br />
Telefonnummer: %tel_number%<br />
Datum und Uhrzeit: %appointment_date%<br />
<br />
<a href="https://www.brodos.net/omnichannel/termin-bestaetigen/?url=https://tnc-multimedia.brodos.shop/&service=%service_name%&name1=%name_kunde%&email=%user_email%&tel=%tel_number%&date=%appointment_date%&choice=accept">Termin akzeptieren</a>
<br />
<br />
<a href="https://www.brodos.net/omnichannel/termin-bestaetigen/?url=https://tnc-multimedia.brodos.shop/&service=%service_name%&name1=%name_kunde%&email=%user_email%&tel=%tel_number%&date=%appointment_date%&choice=decline">Termin ablehnen</a>
<br />
<br />
Wenn du deinem Kunden einen alternativen Termin vorschlagen möchtest
<a href="https://www.brodos.net/omnichannel/termin-bestaetigen/?url=https://tnc-multimedia.brodos.shop/&service=%service_name%&name1=%name_kunde%&email=%user_email%&tel=%tel_number%&date=%appointment_date%&choice=accept%20with%20a%20different%20date"
>klicke hier.</a>

Hi,<br />
<br />
ein neuer Termin wurde gebucht:<br />
<br />
Service: %service_name%<br />
Kundenname: %name_kunde%<br />
E-Mail: %user_email%<br />
Telefonnummer: %tel_number%<br />
Datum und Uhrzeit: %appointment_date%<br />
<br />
<a href="https://www.brodos.net/omnichannel/termin-bestaetigen/?url=https://tophandyladen.de/&service=%service_name%&name1=%name_kunde%&email=%user_email%&tel=%tel_number%&date=%appointment_date%&choice=accept">Termin akzeptieren</a>
<br />
<br />
<a href="https://www.brodos.net/omnichannel/termin-bestaetigen/?url=https://tophandyladen.de/&service=%service_name%&name1=%name_kunde%&email=%user_email%&tel=%tel_number%&date=%appointment_date%&choice=decline">Termin ablehnen</a>
<br />
<br />
Wenn du deinem Kunden einen alternativen Termin vorschlagen möchtest
<a href="https://www.brodos.net/omnichannel/termin-bestaetigen/?url=https://tophandyladen.de/&service=%service_name%&name1=%name_kunde%&email=%user_email%&tel=%tel_number%&date=%appointment_date%&choice=accept%20with%20a%20different%20date"
>klicke hier.</a>

Hi,<br />
<br />
ein neuer Termin wurde gebucht:<br />
<br />
Service: %service_name%<br />
Kundenname: %name_kunde%<br />
E-Mail: %user_email%<br />
Telefonnummer: %tel_number%<br />
Datum und Uhrzeit: %appointment_date%<br />
<br />
<a href="https://www.brodos.net/omnichannel/termin-bestaetigen/?url=https://tp-ms.brodos.shop/&service=%service_name%&name1=%name_kunde%&email=%user_email%&tel=%tel_number%&date=%appointment_date%&choice=accept">Termin akzeptieren</a>
<br />
<br />
<a href="https://www.brodos.net/omnichannel/termin-bestaetigen/?url=https://tp-ms.brodos.shop/&service=%service_name%&name1=%name_kunde%&email=%user_email%&tel=%tel_number%&date=%appointment_date%&choice=decline">Termin ablehnen</a>
<br />
<br />
Wenn du deinem Kunden einen alternativen Termin vorschlagen möchtest
<a href="https://www.brodos.net/omnichannel/termin-bestaetigen/?url=https://tp-ms.brodos.shop/&service=%service_name%&name1=%name_kunde%&email=%user_email%&tel=%tel_number%&date=%appointment_date%&choice=accept%20with%20a%20different%20date"
>klicke hier.</a>

Hi,<br />
<br />
ein neuer Termin wurde gebucht:<br />
<br />
Service: %service_name%<br />
Kundenname: %name_kunde%<br />
E-Mail: %user_email%<br />
Telefonnummer: %tel_number%<br />
Datum und Uhrzeit: %appointment_date%<br />
<br />
<a href="https://www.brodos.net/omnichannel/termin-bestaetigen/?url=https://trendyhandy-berlin.brodos.shop/&service=%service_name%&name1=%name_kunde%&email=%user_email%&tel=%tel_number%&date=%appointment_date%&choice=accept">Termin akzeptieren</a>
<br />
<br />
<a href="https://www.brodos.net/omnichannel/termin-bestaetigen/?url=https://trendyhandy-berlin.brodos.shop/&service=%service_name%&name1=%name_kunde%&email=%user_email%&tel=%tel_number%&date=%appointment_date%&choice=decline">Termin ablehnen</a>
<br />
<br />
Wenn du deinem Kunden einen alternativen Termin vorschlagen möchtest
<a href="https://www.brodos.net/omnichannel/termin-bestaetigen/?url=https://trendyhandy-berlin.brodos.shop/&service=%service_name%&name1=%name_kunde%&email=%user_email%&tel=%tel_number%&date=%appointment_date%&choice=accept%20with%20a%20different%20date"
>klicke hier.</a>

Hi,<br />
<br />
ein neuer Termin wurde gebucht:<br />
<br />
Service: %service_name%<br />
Kundenname: %name_kunde%<br />
E-Mail: %user_email%<br />
Telefonnummer: %tel_number%<br />
Datum und Uhrzeit: %appointment_date%<br />
<br />
<a href="https://www.brodos.net/omnichannel/termin-bestaetigen/?url=https://tv-bergler-shop.de/&service=%service_name%&name1=%name_kunde%&email=%user_email%&tel=%tel_number%&date=%appointment_date%&choice=accept">Termin akzeptieren</a>
<br />
<br />
<a href="https://www.brodos.net/omnichannel/termin-bestaetigen/?url=https://tv-bergler-shop.de/&service=%service_name%&name1=%name_kunde%&email=%user_email%&tel=%tel_number%&date=%appointment_date%&choice=decline">Termin ablehnen</a>
<br />
<br />
Wenn du deinem Kunden einen alternativen Termin vorschlagen möchtest
<a href="https://www.brodos.net/omnichannel/termin-bestaetigen/?url=https://tv-bergler-shop.de/&service=%service_name%&name1=%name_kunde%&email=%user_email%&tel=%tel_number%&date=%appointment_date%&choice=accept%20with%20a%20different%20date"
>klicke hier.</a>

Hi,<br />
<br />
ein neuer Termin wurde gebucht:<br />
<br />
Service: %service_name%<br />
Kundenname: %name_kunde%<br />
E-Mail: %user_email%<br />
Telefonnummer: %tel_number%<br />
Datum und Uhrzeit: %appointment_date%<br />
<br />
<a href="https://www.brodos.net/omnichannel/termin-bestaetigen/?url=https://tv-telekom-muehlenkamp.brodos.shop/&service=%service_name%&name1=%name_kunde%&email=%user_email%&tel=%tel_number%&date=%appointment_date%&choice=accept">Termin akzeptieren</a>
<br />
<br />
<a href="https://www.brodos.net/omnichannel/termin-bestaetigen/?url=https://tv-telekom-muehlenkamp.brodos.shop/&service=%service_name%&name1=%name_kunde%&email=%user_email%&tel=%tel_number%&date=%appointment_date%&choice=decline">Termin ablehnen</a>
<br />
<br />
Wenn du deinem Kunden einen alternativen Termin vorschlagen möchtest
<a href="https://www.brodos.net/omnichannel/termin-bestaetigen/?url=https://tv-telekom-muehlenkamp.brodos.shop/&service=%service_name%&name1=%name_kunde%&email=%user_email%&tel=%tel_number%&date=%appointment_date%&choice=accept%20with%20a%20different%20date"
>klicke hier.</a>

Hi,<br />
<br />
ein neuer Termin wurde gebucht:<br />
<br />
Service: %service_name%<br />
Kundenname: %name_kunde%<br />
E-Mail: %user_email%<br />
Telefonnummer: %tel_number%<br />
Datum und Uhrzeit: %appointment_date%<br />
<br />
<a href="https://www.brodos.net/omnichannel/termin-bestaetigen/?url=https://tv-telekom.brodos.shop/&service=%service_name%&name1=%name_kunde%&email=%user_email%&tel=%tel_number%&date=%appointment_date%&choice=accept">Termin akzeptieren</a>
<br />
<br />
<a href="https://www.brodos.net/omnichannel/termin-bestaetigen/?url=https://tv-telekom.brodos.shop/&service=%service_name%&name1=%name_kunde%&email=%user_email%&tel=%tel_number%&date=%appointment_date%&choice=decline">Termin ablehnen</a>
<br />
<br />
Wenn du deinem Kunden einen alternativen Termin vorschlagen möchtest
<a href="https://www.brodos.net/omnichannel/termin-bestaetigen/?url=https://tv-telekom.brodos.shop/&service=%service_name%&name1=%name_kunde%&email=%user_email%&tel=%tel_number%&date=%appointment_date%&choice=accept%20with%20a%20different%20date"
>klicke hier.</a>

Hi,<br />
<br />
ein neuer Termin wurde gebucht:<br />
<br />
Service: %service_name%<br />
Kundenname: %name_kunde%<br />
E-Mail: %user_email%<br />
Telefonnummer: %tel_number%<br />
Datum und Uhrzeit: %appointment_date%<br />
<br />
<a href="https://www.brodos.net/omnichannel/termin-bestaetigen/?url=https://twt-digital.brodos.shop/&service=%service_name%&name1=%name_kunde%&email=%user_email%&tel=%tel_number%&date=%appointment_date%&choice=accept">Termin akzeptieren</a>
<br />
<br />
<a href="https://www.brodos.net/omnichannel/termin-bestaetigen/?url=https://twt-digital.brodos.shop/&service=%service_name%&name1=%name_kunde%&email=%user_email%&tel=%tel_number%&date=%appointment_date%&choice=decline">Termin ablehnen</a>
<br />
<br />
Wenn du deinem Kunden einen alternativen Termin vorschlagen möchtest
<a href="https://www.brodos.net/omnichannel/termin-bestaetigen/?url=https://twt-digital.brodos.shop/&service=%service_name%&name1=%name_kunde%&email=%user_email%&tel=%tel_number%&date=%appointment_date%&choice=accept%20with%20a%20different%20date"
>klicke hier.</a>

Hi,<br />
<br />
ein neuer Termin wurde gebucht:<br />
<br />
Service: %service_name%<br />
Kundenname: %name_kunde%<br />
E-Mail: %user_email%<br />
Telefonnummer: %tel_number%<br />
Datum und Uhrzeit: %appointment_date%<br />
<br />
<a href="https://www.brodos.net/omnichannel/termin-bestaetigen/?url=https://vf-grevesmuehlen.brodos.shop/&service=%service_name%&name1=%name_kunde%&email=%user_email%&tel=%tel_number%&date=%appointment_date%&choice=accept">Termin akzeptieren</a>
<br />
<br />
<a href="https://www.brodos.net/omnichannel/termin-bestaetigen/?url=https://vf-grevesmuehlen.brodos.shop/&service=%service_name%&name1=%name_kunde%&email=%user_email%&tel=%tel_number%&date=%appointment_date%&choice=decline">Termin ablehnen</a>
<br />
<br />
Wenn du deinem Kunden einen alternativen Termin vorschlagen möchtest
<a href="https://www.brodos.net/omnichannel/termin-bestaetigen/?url=https://vf-grevesmuehlen.brodos.shop/&service=%service_name%&name1=%name_kunde%&email=%user_email%&tel=%tel_number%&date=%appointment_date%&choice=accept%20with%20a%20different%20date"
>klicke hier.</a>

Hi,<br />
<br />
ein neuer Termin wurde gebucht:<br />
<br />
Service: %service_name%<br />
Kundenname: %name_kunde%<br />
E-Mail: %user_email%<br />
Telefonnummer: %tel_number%<br />
Datum und Uhrzeit: %appointment_date%<br />
<br />
<a href="https://www.brodos.net/omnichannel/termin-bestaetigen/?url=https://vf-neuenkirchen-marktflecken.brodos.shop/&service=%service_name%&name1=%name_kunde%&email=%user_email%&tel=%tel_number%&date=%appointment_date%&choice=accept">Termin akzeptieren</a>
<br />
<br />
<a href="https://www.brodos.net/omnichannel/termin-bestaetigen/?url=https://vf-neuenkirchen-marktflecken.brodos.shop/&service=%service_name%&name1=%name_kunde%&email=%user_email%&tel=%tel_number%&date=%appointment_date%&choice=decline">Termin ablehnen</a>
<br />
<br />
Wenn du deinem Kunden einen alternativen Termin vorschlagen möchtest
<a href="https://www.brodos.net/omnichannel/termin-bestaetigen/?url=https://vf-neuenkirchen-marktflecken.brodos.shop/&service=%service_name%&name1=%name_kunde%&email=%user_email%&tel=%tel_number%&date=%appointment_date%&choice=accept%20with%20a%20different%20date"
>klicke hier.</a>

Hi,<br />
<br />
ein neuer Termin wurde gebucht:<br />
<br />
Service: %service_name%<br />
Kundenname: %name_kunde%<br />
E-Mail: %user_email%<br />
Telefonnummer: %tel_number%<br />
Datum und Uhrzeit: %appointment_date%<br />
<br />
<a href="https://www.brodos.net/omnichannel/termin-bestaetigen/?url=https://vf-nordhorn.brodos.shop/&service=%service_name%&name1=%name_kunde%&email=%user_email%&tel=%tel_number%&date=%appointment_date%&choice=accept">Termin akzeptieren</a>
<br />
<br />
<a href="https://www.brodos.net/omnichannel/termin-bestaetigen/?url=https://vf-nordhorn.brodos.shop/&service=%service_name%&name1=%name_kunde%&email=%user_email%&tel=%tel_number%&date=%appointment_date%&choice=decline">Termin ablehnen</a>
<br />
<br />
Wenn du deinem Kunden einen alternativen Termin vorschlagen möchtest
<a href="https://www.brodos.net/omnichannel/termin-bestaetigen/?url=https://vf-nordhorn.brodos.shop/&service=%service_name%&name1=%name_kunde%&email=%user_email%&tel=%tel_number%&date=%appointment_date%&choice=accept%20with%20a%20different%20date"
>klicke hier.</a>

Hi,<br />
<br />
ein neuer Termin wurde gebucht:<br />
<br />
Service: %service_name%<br />
Kundenname: %name_kunde%<br />
E-Mail: %user_email%<br />
Telefonnummer: %tel_number%<br />
Datum und Uhrzeit: %appointment_date%<br />
<br />
<a href="https://www.brodos.net/omnichannel/termin-bestaetigen/?url=https://vf-wismar.brodos.shop/&service=%service_name%&name1=%name_kunde%&email=%user_email%&tel=%tel_number%&date=%appointment_date%&choice=accept">Termin akzeptieren</a>
<br />
<br />
<a href="https://www.brodos.net/omnichannel/termin-bestaetigen/?url=https://vf-wismar.brodos.shop/&service=%service_name%&name1=%name_kunde%&email=%user_email%&tel=%tel_number%&date=%appointment_date%&choice=decline">Termin ablehnen</a>
<br />
<br />
Wenn du deinem Kunden einen alternativen Termin vorschlagen möchtest
<a href="https://www.brodos.net/omnichannel/termin-bestaetigen/?url=https://vf-wismar.brodos.shop/&service=%service_name%&name1=%name_kunde%&email=%user_email%&tel=%tel_number%&date=%appointment_date%&choice=accept%20with%20a%20different%20date"
>klicke hier.</a>

Hi,<br />
<br />
ein neuer Termin wurde gebucht:<br />
<br />
Service: %service_name%<br />
Kundenname: %name_kunde%<br />
E-Mail: %user_email%<br />
Telefonnummer: %tel_number%<br />
Datum und Uhrzeit: %appointment_date%<br />
<br />
<a href="https://www.brodos.net/omnichannel/termin-bestaetigen/?url=https://vfteamls-shop.de/&service=%service_name%&name1=%name_kunde%&email=%user_email%&tel=%tel_number%&date=%appointment_date%&choice=accept">Termin akzeptieren</a>
<br />
<br />
<a href="https://www.brodos.net/omnichannel/termin-bestaetigen/?url=https://vfteamls-shop.de/&service=%service_name%&name1=%name_kunde%&email=%user_email%&tel=%tel_number%&date=%appointment_date%&choice=decline">Termin ablehnen</a>
<br />
<br />
Wenn du deinem Kunden einen alternativen Termin vorschlagen möchtest
<a href="https://www.brodos.net/omnichannel/termin-bestaetigen/?url=https://vfteamls-shop.de/&service=%service_name%&name1=%name_kunde%&email=%user_email%&tel=%tel_number%&date=%appointment_date%&choice=accept%20with%20a%20different%20date"
>klicke hier.</a>

Hi,<br />
<br />
ein neuer Termin wurde gebucht:<br />
<br />
Service: %service_name%<br />
Kundenname: %name_kunde%<br />
E-Mail: %user_email%<br />
Telefonnummer: %tel_number%<br />
Datum und Uhrzeit: %appointment_date%<br />
<br />
<a href="https://www.brodos.net/omnichannel/termin-bestaetigen/?url=https://vivatel-waiblingen.brodos.shop/&service=%service_name%&name1=%name_kunde%&email=%user_email%&tel=%tel_number%&date=%appointment_date%&choice=accept">Termin akzeptieren</a>
<br />
<br />
<a href="https://www.brodos.net/omnichannel/termin-bestaetigen/?url=https://vivatel-waiblingen.brodos.shop/&service=%service_name%&name1=%name_kunde%&email=%user_email%&tel=%tel_number%&date=%appointment_date%&choice=decline">Termin ablehnen</a>
<br />
<br />
Wenn du deinem Kunden einen alternativen Termin vorschlagen möchtest
<a href="https://www.brodos.net/omnichannel/termin-bestaetigen/?url=https://vivatel-waiblingen.brodos.shop/&service=%service_name%&name1=%name_kunde%&email=%user_email%&tel=%tel_number%&date=%appointment_date%&choice=accept%20with%20a%20different%20date"
>klicke hier.</a>

Hi,<br />
<br />
ein neuer Termin wurde gebucht:<br />
<br />
Service: %service_name%<br />
Kundenname: %name_kunde%<br />
E-Mail: %user_email%<br />
Telefonnummer: %tel_number%<br />
Datum und Uhrzeit: %appointment_date%<br />
<br />
<a href="https://www.brodos.net/omnichannel/termin-bestaetigen/?url=https://vodafone-baunatal-shop.de/&service=%service_name%&name1=%name_kunde%&email=%user_email%&tel=%tel_number%&date=%appointment_date%&choice=accept">Termin akzeptieren</a>
<br />
<br />
<a href="https://www.brodos.net/omnichannel/termin-bestaetigen/?url=https://vodafone-baunatal-shop.de/&service=%service_name%&name1=%name_kunde%&email=%user_email%&tel=%tel_number%&date=%appointment_date%&choice=decline">Termin ablehnen</a>
<br />
<br />
Wenn du deinem Kunden einen alternativen Termin vorschlagen möchtest
<a href="https://www.brodos.net/omnichannel/termin-bestaetigen/?url=https://vodafone-baunatal-shop.de/&service=%service_name%&name1=%name_kunde%&email=%user_email%&tel=%tel_number%&date=%appointment_date%&choice=accept%20with%20a%20different%20date"
>klicke hier.</a>

Hi,<br />
<br />
ein neuer Termin wurde gebucht:<br />
<br />
Service: %service_name%<br />
Kundenname: %name_kunde%<br />
E-Mail: %user_email%<br />
Telefonnummer: %tel_number%<br />
Datum und Uhrzeit: %appointment_date%<br />
<br />
<a href="https://www.brodos.net/omnichannel/termin-bestaetigen/?url=https://vodafone-buechner.brodos.shop/&service=%service_name%&name1=%name_kunde%&email=%user_email%&tel=%tel_number%&date=%appointment_date%&choice=accept">Termin akzeptieren</a>
<br />
<br />
<a href="https://www.brodos.net/omnichannel/termin-bestaetigen/?url=https://vodafone-buechner.brodos.shop/&service=%service_name%&name1=%name_kunde%&email=%user_email%&tel=%tel_number%&date=%appointment_date%&choice=decline">Termin ablehnen</a>
<br />
<br />
Wenn du deinem Kunden einen alternativen Termin vorschlagen möchtest
<a href="https://www.brodos.net/omnichannel/termin-bestaetigen/?url=https://vodafone-buechner.brodos.shop/&service=%service_name%&name1=%name_kunde%&email=%user_email%&tel=%tel_number%&date=%appointment_date%&choice=accept%20with%20a%20different%20date"
>klicke hier.</a>

Hi,<br />
<br />
ein neuer Termin wurde gebucht:<br />
<br />
Service: %service_name%<br />
Kundenname: %name_kunde%<br />
E-Mail: %user_email%<br />
Telefonnummer: %tel_number%<br />
Datum und Uhrzeit: %appointment_date%<br />
<br />
<a href="https://www.brodos.net/omnichannel/termin-bestaetigen/?url=https://vodafone-cityshop.brodos.shop/&service=%service_name%&name1=%name_kunde%&email=%user_email%&tel=%tel_number%&date=%appointment_date%&choice=accept">Termin akzeptieren</a>
<br />
<br />
<a href="https://www.brodos.net/omnichannel/termin-bestaetigen/?url=https://vodafone-cityshop.brodos.shop/&service=%service_name%&name1=%name_kunde%&email=%user_email%&tel=%tel_number%&date=%appointment_date%&choice=decline">Termin ablehnen</a>
<br />
<br />
Wenn du deinem Kunden einen alternativen Termin vorschlagen möchtest
<a href="https://www.brodos.net/omnichannel/termin-bestaetigen/?url=https://vodafone-cityshop.brodos.shop/&service=%service_name%&name1=%name_kunde%&email=%user_email%&tel=%tel_number%&date=%appointment_date%&choice=accept%20with%20a%20different%20date"
>klicke hier.</a>

Hi,<br />
<br />
ein neuer Termin wurde gebucht:<br />
<br />
Service: %service_name%<br />
Kundenname: %name_kunde%<br />
E-Mail: %user_email%<br />
Telefonnummer: %tel_number%<br />
Datum und Uhrzeit: %appointment_date%<br />
<br />
<a href="https://www.brodos.net/omnichannel/termin-bestaetigen/?url=https://vodafone-dachau.brodos.shop/&service=%service_name%&name1=%name_kunde%&email=%user_email%&tel=%tel_number%&date=%appointment_date%&choice=accept">Termin akzeptieren</a>
<br />
<br />
<a href="https://www.brodos.net/omnichannel/termin-bestaetigen/?url=https://vodafone-dachau.brodos.shop/&service=%service_name%&name1=%name_kunde%&email=%user_email%&tel=%tel_number%&date=%appointment_date%&choice=decline">Termin ablehnen</a>
<br />
<br />
Wenn du deinem Kunden einen alternativen Termin vorschlagen möchtest
<a href="https://www.brodos.net/omnichannel/termin-bestaetigen/?url=https://vodafone-dachau.brodos.shop/&service=%service_name%&name1=%name_kunde%&email=%user_email%&tel=%tel_number%&date=%appointment_date%&choice=accept%20with%20a%20different%20date"
>klicke hier.</a>

Hi,<br />
<br />
ein neuer Termin wurde gebucht:<br />
<br />
Service: %service_name%<br />
Kundenname: %name_kunde%<br />
E-Mail: %user_email%<br />
Telefonnummer: %tel_number%<br />
Datum und Uhrzeit: %appointment_date%<br />
<br />
<a href="https://www.brodos.net/omnichannel/termin-bestaetigen/?url=https://vodafone-fachhandel-lichterfelde.de/&service=%service_name%&name1=%name_kunde%&email=%user_email%&tel=%tel_number%&date=%appointment_date%&choice=accept">Termin akzeptieren</a>
<br />
<br />
<a href="https://www.brodos.net/omnichannel/termin-bestaetigen/?url=https://vodafone-fachhandel-lichterfelde.de/&service=%service_name%&name1=%name_kunde%&email=%user_email%&tel=%tel_number%&date=%appointment_date%&choice=decline">Termin ablehnen</a>
<br />
<br />
Wenn du deinem Kunden einen alternativen Termin vorschlagen möchtest
<a href="https://www.brodos.net/omnichannel/termin-bestaetigen/?url=https://vodafone-fachhandel-lichterfelde.de/&service=%service_name%&name1=%name_kunde%&email=%user_email%&tel=%tel_number%&date=%appointment_date%&choice=accept%20with%20a%20different%20date"
>klicke hier.</a>

Hi,<br />
<br />
ein neuer Termin wurde gebucht:<br />
<br />
Service: %service_name%<br />
Kundenname: %name_kunde%<br />
E-Mail: %user_email%<br />
Telefonnummer: %tel_number%<br />
Datum und Uhrzeit: %appointment_date%<br />
<br />
<a href="https://www.brodos.net/omnichannel/termin-bestaetigen/?url=https://vodafone-friedland.de/&service=%service_name%&name1=%name_kunde%&email=%user_email%&tel=%tel_number%&date=%appointment_date%&choice=accept">Termin akzeptieren</a>
<br />
<br />
<a href="https://www.brodos.net/omnichannel/termin-bestaetigen/?url=https://vodafone-friedland.de/&service=%service_name%&name1=%name_kunde%&email=%user_email%&tel=%tel_number%&date=%appointment_date%&choice=decline">Termin ablehnen</a>
<br />
<br />
Wenn du deinem Kunden einen alternativen Termin vorschlagen möchtest
<a href="https://www.brodos.net/omnichannel/termin-bestaetigen/?url=https://vodafone-friedland.de/&service=%service_name%&name1=%name_kunde%&email=%user_email%&tel=%tel_number%&date=%appointment_date%&choice=accept%20with%20a%20different%20date"
>klicke hier.</a>

Hi,<br />
<br />
ein neuer Termin wurde gebucht:<br />
<br />
Service: %service_name%<br />
Kundenname: %name_kunde%<br />
E-Mail: %user_email%<br />
Telefonnummer: %tel_number%<br />
Datum und Uhrzeit: %appointment_date%<br />
<br />
<a href="https://www.brodos.net/omnichannel/termin-bestaetigen/?url=https://vodafone-gardelegen.brodos.shop/&service=%service_name%&name1=%name_kunde%&email=%user_email%&tel=%tel_number%&date=%appointment_date%&choice=accept">Termin akzeptieren</a>
<br />
<br />
<a href="https://www.brodos.net/omnichannel/termin-bestaetigen/?url=https://vodafone-gardelegen.brodos.shop/&service=%service_name%&name1=%name_kunde%&email=%user_email%&tel=%tel_number%&date=%appointment_date%&choice=decline">Termin ablehnen</a>
<br />
<br />
Wenn du deinem Kunden einen alternativen Termin vorschlagen möchtest
<a href="https://www.brodos.net/omnichannel/termin-bestaetigen/?url=https://vodafone-gardelegen.brodos.shop/&service=%service_name%&name1=%name_kunde%&email=%user_email%&tel=%tel_number%&date=%appointment_date%&choice=accept%20with%20a%20different%20date"
>klicke hier.</a>

Hi,<br />
<br />
ein neuer Termin wurde gebucht:<br />
<br />
Service: %service_name%<br />
Kundenname: %name_kunde%<br />
E-Mail: %user_email%<br />
Telefonnummer: %tel_number%<br />
Datum und Uhrzeit: %appointment_date%<br />
<br />
<a href="https://www.brodos.net/omnichannel/termin-bestaetigen/?url=https://vodafone-grabow.brodos.shop/&service=%service_name%&name1=%name_kunde%&email=%user_email%&tel=%tel_number%&date=%appointment_date%&choice=accept">Termin akzeptieren</a>
<br />
<br />
<a href="https://www.brodos.net/omnichannel/termin-bestaetigen/?url=https://vodafone-grabow.brodos.shop/&service=%service_name%&name1=%name_kunde%&email=%user_email%&tel=%tel_number%&date=%appointment_date%&choice=decline">Termin ablehnen</a>
<br />
<br />
Wenn du deinem Kunden einen alternativen Termin vorschlagen möchtest
<a href="https://www.brodos.net/omnichannel/termin-bestaetigen/?url=https://vodafone-grabow.brodos.shop/&service=%service_name%&name1=%name_kunde%&email=%user_email%&tel=%tel_number%&date=%appointment_date%&choice=accept%20with%20a%20different%20date"
>klicke hier.</a>

Hi,<br />
<br />
ein neuer Termin wurde gebucht:<br />
<br />
Service: %service_name%<br />
Kundenname: %name_kunde%<br />
E-Mail: %user_email%<br />
Telefonnummer: %tel_number%<br />
Datum und Uhrzeit: %appointment_date%<br />
<br />
<a href="https://www.brodos.net/omnichannel/termin-bestaetigen/?url=https://vodafone-havelland.brodos.shop/&service=%service_name%&name1=%name_kunde%&email=%user_email%&tel=%tel_number%&date=%appointment_date%&choice=accept">Termin akzeptieren</a>
<br />
<br />
<a href="https://www.brodos.net/omnichannel/termin-bestaetigen/?url=https://vodafone-havelland.brodos.shop/&service=%service_name%&name1=%name_kunde%&email=%user_email%&tel=%tel_number%&date=%appointment_date%&choice=decline">Termin ablehnen</a>
<br />
<br />
Wenn du deinem Kunden einen alternativen Termin vorschlagen möchtest
<a href="https://www.brodos.net/omnichannel/termin-bestaetigen/?url=https://vodafone-havelland.brodos.shop/&service=%service_name%&name1=%name_kunde%&email=%user_email%&tel=%tel_number%&date=%appointment_date%&choice=accept%20with%20a%20different%20date"
>klicke hier.</a>

Hi,<br />
<br />
ein neuer Termin wurde gebucht:<br />
<br />
Service: %service_name%<br />
Kundenname: %name_kunde%<br />
E-Mail: %user_email%<br />
Telefonnummer: %tel_number%<br />
Datum und Uhrzeit: %appointment_date%<br />
<br />
<a href="https://www.brodos.net/omnichannel/termin-bestaetigen/?url=https://vodafone-kastellaun.brodos.shop/&service=%service_name%&name1=%name_kunde%&email=%user_email%&tel=%tel_number%&date=%appointment_date%&choice=accept">Termin akzeptieren</a>
<br />
<br />
<a href="https://www.brodos.net/omnichannel/termin-bestaetigen/?url=https://vodafone-kastellaun.brodos.shop/&service=%service_name%&name1=%name_kunde%&email=%user_email%&tel=%tel_number%&date=%appointment_date%&choice=decline">Termin ablehnen</a>
<br />
<br />
Wenn du deinem Kunden einen alternativen Termin vorschlagen möchtest
<a href="https://www.brodos.net/omnichannel/termin-bestaetigen/?url=https://vodafone-kastellaun.brodos.shop/&service=%service_name%&name1=%name_kunde%&email=%user_email%&tel=%tel_number%&date=%appointment_date%&choice=accept%20with%20a%20different%20date"
>klicke hier.</a>

Hi,<br />
<br />
ein neuer Termin wurde gebucht:<br />
<br />
Service: %service_name%<br />
Kundenname: %name_kunde%<br />
E-Mail: %user_email%<br />
Telefonnummer: %tel_number%<br />
Datum und Uhrzeit: %appointment_date%<br />
<br />
<a href="https://www.brodos.net/omnichannel/termin-bestaetigen/?url=https://vodafone-lindau.brodos.shop/&service=%service_name%&name1=%name_kunde%&email=%user_email%&tel=%tel_number%&date=%appointment_date%&choice=accept">Termin akzeptieren</a>
<br />
<br />
<a href="https://www.brodos.net/omnichannel/termin-bestaetigen/?url=https://vodafone-lindau.brodos.shop/&service=%service_name%&name1=%name_kunde%&email=%user_email%&tel=%tel_number%&date=%appointment_date%&choice=decline">Termin ablehnen</a>
<br />
<br />
Wenn du deinem Kunden einen alternativen Termin vorschlagen möchtest
<a href="https://www.brodos.net/omnichannel/termin-bestaetigen/?url=https://vodafone-lindau.brodos.shop/&service=%service_name%&name1=%name_kunde%&email=%user_email%&tel=%tel_number%&date=%appointment_date%&choice=accept%20with%20a%20different%20date"
>klicke hier.</a>

Hi,<br />
<br />
ein neuer Termin wurde gebucht:<br />
<br />
Service: %service_name%<br />
Kundenname: %name_kunde%<br />
E-Mail: %user_email%<br />
Telefonnummer: %tel_number%<br />
Datum und Uhrzeit: %appointment_date%<br />
<br />
<a href="https://www.brodos.net/omnichannel/termin-bestaetigen/?url=https://vodafone-lubz.brodos.shop/&service=%service_name%&name1=%name_kunde%&email=%user_email%&tel=%tel_number%&date=%appointment_date%&choice=accept">Termin akzeptieren</a>
<br />
<br />
<a href="https://www.brodos.net/omnichannel/termin-bestaetigen/?url=https://vodafone-lubz.brodos.shop/&service=%service_name%&name1=%name_kunde%&email=%user_email%&tel=%tel_number%&date=%appointment_date%&choice=decline">Termin ablehnen</a>
<br />
<br />
Wenn du deinem Kunden einen alternativen Termin vorschlagen möchtest
<a href="https://www.brodos.net/omnichannel/termin-bestaetigen/?url=https://vodafone-lubz.brodos.shop/&service=%service_name%&name1=%name_kunde%&email=%user_email%&tel=%tel_number%&date=%appointment_date%&choice=accept%20with%20a%20different%20date"
>klicke hier.</a>

Hi,<br />
<br />
ein neuer Termin wurde gebucht:<br />
<br />
Service: %service_name%<br />
Kundenname: %name_kunde%<br />
E-Mail: %user_email%<br />
Telefonnummer: %tel_number%<br />
Datum und Uhrzeit: %appointment_date%<br />
<br />
<a href="https://www.brodos.net/omnichannel/termin-bestaetigen/?url=https://vodafone-moegeldorf.de/&service=%service_name%&name1=%name_kunde%&email=%user_email%&tel=%tel_number%&date=%appointment_date%&choice=accept">Termin akzeptieren</a>
<br />
<br />
<a href="https://www.brodos.net/omnichannel/termin-bestaetigen/?url=https://vodafone-moegeldorf.de/&service=%service_name%&name1=%name_kunde%&email=%user_email%&tel=%tel_number%&date=%appointment_date%&choice=decline">Termin ablehnen</a>
<br />
<br />
Wenn du deinem Kunden einen alternativen Termin vorschlagen möchtest
<a href="https://www.brodos.net/omnichannel/termin-bestaetigen/?url=https://vodafone-moegeldorf.de/&service=%service_name%&name1=%name_kunde%&email=%user_email%&tel=%tel_number%&date=%appointment_date%&choice=accept%20with%20a%20different%20date"
>klicke hier.</a>

Hi,<br />
<br />
ein neuer Termin wurde gebucht:<br />
<br />
Service: %service_name%<br />
Kundenname: %name_kunde%<br />
E-Mail: %user_email%<br />
Telefonnummer: %tel_number%<br />
Datum und Uhrzeit: %appointment_date%<br />
<br />
<a href="https://www.brodos.net/omnichannel/termin-bestaetigen/?url=https://vodafone-otelo-gnoien.de/&service=%service_name%&name1=%name_kunde%&email=%user_email%&tel=%tel_number%&date=%appointment_date%&choice=accept">Termin akzeptieren</a>
<br />
<br />
<a href="https://www.brodos.net/omnichannel/termin-bestaetigen/?url=https://vodafone-otelo-gnoien.de/&service=%service_name%&name1=%name_kunde%&email=%user_email%&tel=%tel_number%&date=%appointment_date%&choice=decline">Termin ablehnen</a>
<br />
<br />
Wenn du deinem Kunden einen alternativen Termin vorschlagen möchtest
<a href="https://www.brodos.net/omnichannel/termin-bestaetigen/?url=https://vodafone-otelo-gnoien.de/&service=%service_name%&name1=%name_kunde%&email=%user_email%&tel=%tel_number%&date=%appointment_date%&choice=accept%20with%20a%20different%20date"
>klicke hier.</a>

Hi,<br />
<br />
ein neuer Termin wurde gebucht:<br />
<br />
Service: %service_name%<br />
Kundenname: %name_kunde%<br />
E-Mail: %user_email%<br />
Telefonnummer: %tel_number%<br />
Datum und Uhrzeit: %appointment_date%<br />
<br />
<a href="https://www.brodos.net/omnichannel/termin-bestaetigen/?url=https://vodafone-otelo-luebz.brodos.shop/&service=%service_name%&name1=%name_kunde%&email=%user_email%&tel=%tel_number%&date=%appointment_date%&choice=accept">Termin akzeptieren</a>
<br />
<br />
<a href="https://www.brodos.net/omnichannel/termin-bestaetigen/?url=https://vodafone-otelo-luebz.brodos.shop/&service=%service_name%&name1=%name_kunde%&email=%user_email%&tel=%tel_number%&date=%appointment_date%&choice=decline">Termin ablehnen</a>
<br />
<br />
Wenn du deinem Kunden einen alternativen Termin vorschlagen möchtest
<a href="https://www.brodos.net/omnichannel/termin-bestaetigen/?url=https://vodafone-otelo-luebz.brodos.shop/&service=%service_name%&name1=%name_kunde%&email=%user_email%&tel=%tel_number%&date=%appointment_date%&choice=accept%20with%20a%20different%20date"
>klicke hier.</a>

Hi,<br />
<br />
ein neuer Termin wurde gebucht:<br />
<br />
Service: %service_name%<br />
Kundenname: %name_kunde%<br />
E-Mail: %user_email%<br />
Telefonnummer: %tel_number%<br />
Datum und Uhrzeit: %appointment_date%<br />
<br />
<a href="https://www.brodos.net/omnichannel/termin-bestaetigen/?url=https://vodafone-otelo-schwerin.de/&service=%service_name%&name1=%name_kunde%&email=%user_email%&tel=%tel_number%&date=%appointment_date%&choice=accept">Termin akzeptieren</a>
<br />
<br />
<a href="https://www.brodos.net/omnichannel/termin-bestaetigen/?url=https://vodafone-otelo-schwerin.de/&service=%service_name%&name1=%name_kunde%&email=%user_email%&tel=%tel_number%&date=%appointment_date%&choice=decline">Termin ablehnen</a>
<br />
<br />
Wenn du deinem Kunden einen alternativen Termin vorschlagen möchtest
<a href="https://www.brodos.net/omnichannel/termin-bestaetigen/?url=https://vodafone-otelo-schwerin.de/&service=%service_name%&name1=%name_kunde%&email=%user_email%&tel=%tel_number%&date=%appointment_date%&choice=accept%20with%20a%20different%20date"
>klicke hier.</a>

Hi,<br />
<br />
ein neuer Termin wurde gebucht:<br />
<br />
Service: %service_name%<br />
Kundenname: %name_kunde%<br />
E-Mail: %user_email%<br />
Telefonnummer: %tel_number%<br />
Datum und Uhrzeit: %appointment_date%<br />
<br />
<a href="https://www.brodos.net/omnichannel/termin-bestaetigen/?url=https://vodafone-partner-radolfzell.de/&service=%service_name%&name1=%name_kunde%&email=%user_email%&tel=%tel_number%&date=%appointment_date%&choice=accept">Termin akzeptieren</a>
<br />
<br />
<a href="https://www.brodos.net/omnichannel/termin-bestaetigen/?url=https://vodafone-partner-radolfzell.de/&service=%service_name%&name1=%name_kunde%&email=%user_email%&tel=%tel_number%&date=%appointment_date%&choice=decline">Termin ablehnen</a>
<br />
<br />
Wenn du deinem Kunden einen alternativen Termin vorschlagen möchtest
<a href="https://www.brodos.net/omnichannel/termin-bestaetigen/?url=https://vodafone-partner-radolfzell.de/&service=%service_name%&name1=%name_kunde%&email=%user_email%&tel=%tel_number%&date=%appointment_date%&choice=accept%20with%20a%20different%20date"
>klicke hier.</a>

Hi,<br />
<br />
ein neuer Termin wurde gebucht:<br />
<br />
Service: %service_name%<br />
Kundenname: %name_kunde%<br />
E-Mail: %user_email%<br />
Telefonnummer: %tel_number%<br />
Datum und Uhrzeit: %appointment_date%<br />
<br />
<a href="https://www.brodos.net/omnichannel/termin-bestaetigen/?url=https://vodafone-rheinnahe.brodos.shop/&service=%service_name%&name1=%name_kunde%&email=%user_email%&tel=%tel_number%&date=%appointment_date%&choice=accept">Termin akzeptieren</a>
<br />
<br />
<a href="https://www.brodos.net/omnichannel/termin-bestaetigen/?url=https://vodafone-rheinnahe.brodos.shop/&service=%service_name%&name1=%name_kunde%&email=%user_email%&tel=%tel_number%&date=%appointment_date%&choice=decline">Termin ablehnen</a>
<br />
<br />
Wenn du deinem Kunden einen alternativen Termin vorschlagen möchtest
<a href="https://www.brodos.net/omnichannel/termin-bestaetigen/?url=https://vodafone-rheinnahe.brodos.shop/&service=%service_name%&name1=%name_kunde%&email=%user_email%&tel=%tel_number%&date=%appointment_date%&choice=accept%20with%20a%20different%20date"
>klicke hier.</a>

Hi,<br />
<br />
ein neuer Termin wurde gebucht:<br />
<br />
Service: %service_name%<br />
Kundenname: %name_kunde%<br />
E-Mail: %user_email%<br />
Telefonnummer: %tel_number%<br />
Datum und Uhrzeit: %appointment_date%<br />
<br />
<a href="https://www.brodos.net/omnichannel/termin-bestaetigen/?url=https://vodafone-schwarzenbek.brodos.shop/&service=%service_name%&name1=%name_kunde%&email=%user_email%&tel=%tel_number%&date=%appointment_date%&choice=accept">Termin akzeptieren</a>
<br />
<br />
<a href="https://www.brodos.net/omnichannel/termin-bestaetigen/?url=https://vodafone-schwarzenbek.brodos.shop/&service=%service_name%&name1=%name_kunde%&email=%user_email%&tel=%tel_number%&date=%appointment_date%&choice=decline">Termin ablehnen</a>
<br />
<br />
Wenn du deinem Kunden einen alternativen Termin vorschlagen möchtest
<a href="https://www.brodos.net/omnichannel/termin-bestaetigen/?url=https://vodafone-schwarzenbek.brodos.shop/&service=%service_name%&name1=%name_kunde%&email=%user_email%&tel=%tel_number%&date=%appointment_date%&choice=accept%20with%20a%20different%20date"
>klicke hier.</a>

Hi,<br />
<br />
ein neuer Termin wurde gebucht:<br />
<br />
Service: %service_name%<br />
Kundenname: %name_kunde%<br />
E-Mail: %user_email%<br />
Telefonnummer: %tel_number%<br />
Datum und Uhrzeit: %appointment_date%<br />
<br />
<a href="https://www.brodos.net/omnichannel/termin-bestaetigen/?url=https://vodafone-schweizerviertel.de/&service=%service_name%&name1=%name_kunde%&email=%user_email%&tel=%tel_number%&date=%appointment_date%&choice=accept">Termin akzeptieren</a>
<br />
<br />
<a href="https://www.brodos.net/omnichannel/termin-bestaetigen/?url=https://vodafone-schweizerviertel.de/&service=%service_name%&name1=%name_kunde%&email=%user_email%&tel=%tel_number%&date=%appointment_date%&choice=decline">Termin ablehnen</a>
<br />
<br />
Wenn du deinem Kunden einen alternativen Termin vorschlagen möchtest
<a href="https://www.brodos.net/omnichannel/termin-bestaetigen/?url=https://vodafone-schweizerviertel.de/&service=%service_name%&name1=%name_kunde%&email=%user_email%&tel=%tel_number%&date=%appointment_date%&choice=accept%20with%20a%20different%20date"
>klicke hier.</a>

Hi,<br />
<br />
ein neuer Termin wurde gebucht:<br />
<br />
Service: %service_name%<br />
Kundenname: %name_kunde%<br />
E-Mail: %user_email%<br />
Telefonnummer: %tel_number%<br />
Datum und Uhrzeit: %appointment_date%<br />
<br />
<a href="https://www.brodos.net/omnichannel/termin-bestaetigen/?url=https://vodafone-shop-raisdorf.de/&service=%service_name%&name1=%name_kunde%&email=%user_email%&tel=%tel_number%&date=%appointment_date%&choice=accept">Termin akzeptieren</a>
<br />
<br />
<a href="https://www.brodos.net/omnichannel/termin-bestaetigen/?url=https://vodafone-shop-raisdorf.de/&service=%service_name%&name1=%name_kunde%&email=%user_email%&tel=%tel_number%&date=%appointment_date%&choice=decline">Termin ablehnen</a>
<br />
<br />
Wenn du deinem Kunden einen alternativen Termin vorschlagen möchtest
<a href="https://www.brodos.net/omnichannel/termin-bestaetigen/?url=https://vodafone-shop-raisdorf.de/&service=%service_name%&name1=%name_kunde%&email=%user_email%&tel=%tel_number%&date=%appointment_date%&choice=accept%20with%20a%20different%20date"
>klicke hier.</a>

Hi,<br />
<br />
ein neuer Termin wurde gebucht:<br />
<br />
Service: %service_name%<br />
Kundenname: %name_kunde%<br />
E-Mail: %user_email%<br />
Telefonnummer: %tel_number%<br />
Datum und Uhrzeit: %appointment_date%<br />
<br />
<a href="https://www.brodos.net/omnichannel/termin-bestaetigen/?url=https://vodafone-telekom-shop-vechta.de/&service=%service_name%&name1=%name_kunde%&email=%user_email%&tel=%tel_number%&date=%appointment_date%&choice=accept">Termin akzeptieren</a>
<br />
<br />
<a href="https://www.brodos.net/omnichannel/termin-bestaetigen/?url=https://vodafone-telekom-shop-vechta.de/&service=%service_name%&name1=%name_kunde%&email=%user_email%&tel=%tel_number%&date=%appointment_date%&choice=decline">Termin ablehnen</a>
<br />
<br />
Wenn du deinem Kunden einen alternativen Termin vorschlagen möchtest
<a href="https://www.brodos.net/omnichannel/termin-bestaetigen/?url=https://vodafone-telekom-shop-vechta.de/&service=%service_name%&name1=%name_kunde%&email=%user_email%&tel=%tel_number%&date=%appointment_date%&choice=accept%20with%20a%20different%20date"
>klicke hier.</a>

Hi,<br />
<br />
ein neuer Termin wurde gebucht:<br />
<br />
Service: %service_name%<br />
Kundenname: %name_kunde%<br />
E-Mail: %user_email%<br />
Telefonnummer: %tel_number%<br />
Datum und Uhrzeit: %appointment_date%<br />
<br />
<a href="https://www.brodos.net/omnichannel/termin-bestaetigen/?url=https://vodafonepremiumshop-grossenhain.de/&service=%service_name%&name1=%name_kunde%&email=%user_email%&tel=%tel_number%&date=%appointment_date%&choice=accept">Termin akzeptieren</a>
<br />
<br />
<a href="https://www.brodos.net/omnichannel/termin-bestaetigen/?url=https://vodafonepremiumshop-grossenhain.de/&service=%service_name%&name1=%name_kunde%&email=%user_email%&tel=%tel_number%&date=%appointment_date%&choice=decline">Termin ablehnen</a>
<br />
<br />
Wenn du deinem Kunden einen alternativen Termin vorschlagen möchtest
<a href="https://www.brodos.net/omnichannel/termin-bestaetigen/?url=https://vodafonepremiumshop-grossenhain.de/&service=%service_name%&name1=%name_kunde%&email=%user_email%&tel=%tel_number%&date=%appointment_date%&choice=accept%20with%20a%20different%20date"
>klicke hier.</a>

Hi,<br />
<br />
ein neuer Termin wurde gebucht:<br />
<br />
Service: %service_name%<br />
Kundenname: %name_kunde%<br />
E-Mail: %user_email%<br />
Telefonnummer: %tel_number%<br />
Datum und Uhrzeit: %appointment_date%<br />
<br />
<a href="https://www.brodos.net/omnichannel/termin-bestaetigen/?url=https://vodafoneshop-neuruppin.brodos.shop/&service=%service_name%&name1=%name_kunde%&email=%user_email%&tel=%tel_number%&date=%appointment_date%&choice=accept">Termin akzeptieren</a>
<br />
<br />
<a href="https://www.brodos.net/omnichannel/termin-bestaetigen/?url=https://vodafoneshop-neuruppin.brodos.shop/&service=%service_name%&name1=%name_kunde%&email=%user_email%&tel=%tel_number%&date=%appointment_date%&choice=decline">Termin ablehnen</a>
<br />
<br />
Wenn du deinem Kunden einen alternativen Termin vorschlagen möchtest
<a href="https://www.brodos.net/omnichannel/termin-bestaetigen/?url=https://vodafoneshop-neuruppin.brodos.shop/&service=%service_name%&name1=%name_kunde%&email=%user_email%&tel=%tel_number%&date=%appointment_date%&choice=accept%20with%20a%20different%20date"
>klicke hier.</a>

Hi,<br />
<br />
ein neuer Termin wurde gebucht:<br />
<br />
Service: %service_name%<br />
Kundenname: %name_kunde%<br />
E-Mail: %user_email%<br />
Telefonnummer: %tel_number%<br />
Datum und Uhrzeit: %appointment_date%<br />
<br />
<a href="https://www.brodos.net/omnichannel/termin-bestaetigen/?url=https://vodafoneshopwaiblingen-shop.de/&service=%service_name%&name1=%name_kunde%&email=%user_email%&tel=%tel_number%&date=%appointment_date%&choice=accept">Termin akzeptieren</a>
<br />
<br />
<a href="https://www.brodos.net/omnichannel/termin-bestaetigen/?url=https://vodafoneshopwaiblingen-shop.de/&service=%service_name%&name1=%name_kunde%&email=%user_email%&tel=%tel_number%&date=%appointment_date%&choice=decline">Termin ablehnen</a>
<br />
<br />
Wenn du deinem Kunden einen alternativen Termin vorschlagen möchtest
<a href="https://www.brodos.net/omnichannel/termin-bestaetigen/?url=https://vodafoneshopwaiblingen-shop.de/&service=%service_name%&name1=%name_kunde%&email=%user_email%&tel=%tel_number%&date=%appointment_date%&choice=accept%20with%20a%20different%20date"
>klicke hier.</a>

Hi,<br />
<br />
ein neuer Termin wurde gebucht:<br />
<br />
Service: %service_name%<br />
Kundenname: %name_kunde%<br />
E-Mail: %user_email%<br />
Telefonnummer: %tel_number%<br />
Datum und Uhrzeit: %appointment_date%<br />
<br />
<a href="https://www.brodos.net/omnichannel/termin-bestaetigen/?url=https://volkscomputer-pirna.brodos.shop/&service=%service_name%&name1=%name_kunde%&email=%user_email%&tel=%tel_number%&date=%appointment_date%&choice=accept">Termin akzeptieren</a>
<br />
<br />
<a href="https://www.brodos.net/omnichannel/termin-bestaetigen/?url=https://volkscomputer-pirna.brodos.shop/&service=%service_name%&name1=%name_kunde%&email=%user_email%&tel=%tel_number%&date=%appointment_date%&choice=decline">Termin ablehnen</a>
<br />
<br />
Wenn du deinem Kunden einen alternativen Termin vorschlagen möchtest
<a href="https://www.brodos.net/omnichannel/termin-bestaetigen/?url=https://volkscomputer-pirna.brodos.shop/&service=%service_name%&name1=%name_kunde%&email=%user_email%&tel=%tel_number%&date=%appointment_date%&choice=accept%20with%20a%20different%20date"
>klicke hier.</a>

Hi,<br />
<br />
ein neuer Termin wurde gebucht:<br />
<br />
Service: %service_name%<br />
Kundenname: %name_kunde%<br />
E-Mail: %user_email%<br />
Telefonnummer: %tel_number%<br />
Datum und Uhrzeit: %appointment_date%<br />
<br />
<a href="https://www.brodos.net/omnichannel/termin-bestaetigen/?url=https://vootstore.brodos.shop/&service=%service_name%&name1=%name_kunde%&email=%user_email%&tel=%tel_number%&date=%appointment_date%&choice=accept">Termin akzeptieren</a>
<br />
<br />
<a href="https://www.brodos.net/omnichannel/termin-bestaetigen/?url=https://vootstore.brodos.shop/&service=%service_name%&name1=%name_kunde%&email=%user_email%&tel=%tel_number%&date=%appointment_date%&choice=decline">Termin ablehnen</a>
<br />
<br />
Wenn du deinem Kunden einen alternativen Termin vorschlagen möchtest
<a href="https://www.brodos.net/omnichannel/termin-bestaetigen/?url=https://vootstore.brodos.shop/&service=%service_name%&name1=%name_kunde%&email=%user_email%&tel=%tel_number%&date=%appointment_date%&choice=accept%20with%20a%20different%20date"
>klicke hier.</a>

Hi,<br />
<br />
ein neuer Termin wurde gebucht:<br />
<br />
Service: %service_name%<br />
Kundenname: %name_kunde%<br />
E-Mail: %user_email%<br />
Telefonnummer: %tel_number%<br />
Datum und Uhrzeit: %appointment_date%<br />
<br />
<a href="https://www.brodos.net/omnichannel/termin-bestaetigen/?url=https://waermefuxx.brodos.shop/&service=%service_name%&name1=%name_kunde%&email=%user_email%&tel=%tel_number%&date=%appointment_date%&choice=accept">Termin akzeptieren</a>
<br />
<br />
<a href="https://www.brodos.net/omnichannel/termin-bestaetigen/?url=https://waermefuxx.brodos.shop/&service=%service_name%&name1=%name_kunde%&email=%user_email%&tel=%tel_number%&date=%appointment_date%&choice=decline">Termin ablehnen</a>
<br />
<br />
Wenn du deinem Kunden einen alternativen Termin vorschlagen möchtest
<a href="https://www.brodos.net/omnichannel/termin-bestaetigen/?url=https://waermefuxx.brodos.shop/&service=%service_name%&name1=%name_kunde%&email=%user_email%&tel=%tel_number%&date=%appointment_date%&choice=accept%20with%20a%20different%20date"
>klicke hier.</a>

Hi,<br />
<br />
ein neuer Termin wurde gebucht:<br />
<br />
Service: %service_name%<br />
Kundenname: %name_kunde%<br />
E-Mail: %user_email%<br />
Telefonnummer: %tel_number%<br />
Datum und Uhrzeit: %appointment_date%<br />
<br />
<a href="https://www.brodos.net/omnichannel/termin-bestaetigen/?url=https://wcomweiden.de/&service=%service_name%&name1=%name_kunde%&email=%user_email%&tel=%tel_number%&date=%appointment_date%&choice=accept">Termin akzeptieren</a>
<br />
<br />
<a href="https://www.brodos.net/omnichannel/termin-bestaetigen/?url=https://wcomweiden.de/&service=%service_name%&name1=%name_kunde%&email=%user_email%&tel=%tel_number%&date=%appointment_date%&choice=decline">Termin ablehnen</a>
<br />
<br />
Wenn du deinem Kunden einen alternativen Termin vorschlagen möchtest
<a href="https://www.brodos.net/omnichannel/termin-bestaetigen/?url=https://wcomweiden.de/&service=%service_name%&name1=%name_kunde%&email=%user_email%&tel=%tel_number%&date=%appointment_date%&choice=accept%20with%20a%20different%20date"
>klicke hier.</a>

Hi,<br />
<br />
ein neuer Termin wurde gebucht:<br />
<br />
Service: %service_name%<br />
Kundenname: %name_kunde%<br />
E-Mail: %user_email%<br />
Telefonnummer: %tel_number%<br />
Datum und Uhrzeit: %appointment_date%<br />
<br />
<a href="https://www.brodos.net/omnichannel/termin-bestaetigen/?url=https://weinstadt.brodos.shop/&service=%service_name%&name1=%name_kunde%&email=%user_email%&tel=%tel_number%&date=%appointment_date%&choice=accept">Termin akzeptieren</a>
<br />
<br />
<a href="https://www.brodos.net/omnichannel/termin-bestaetigen/?url=https://weinstadt.brodos.shop/&service=%service_name%&name1=%name_kunde%&email=%user_email%&tel=%tel_number%&date=%appointment_date%&choice=decline">Termin ablehnen</a>
<br />
<br />
Wenn du deinem Kunden einen alternativen Termin vorschlagen möchtest
<a href="https://www.brodos.net/omnichannel/termin-bestaetigen/?url=https://weinstadt.brodos.shop/&service=%service_name%&name1=%name_kunde%&email=%user_email%&tel=%tel_number%&date=%appointment_date%&choice=accept%20with%20a%20different%20date"
>klicke hier.</a>

Hi,<br />
<br />
ein neuer Termin wurde gebucht:<br />
<br />
Service: %service_name%<br />
Kundenname: %name_kunde%<br />
E-Mail: %user_email%<br />
Telefonnummer: %tel_number%<br />
Datum und Uhrzeit: %appointment_date%<br />
<br />
<a href="https://www.brodos.net/omnichannel/termin-bestaetigen/?url=https://weissenfels-my-extra.brodos.shop/&service=%service_name%&name1=%name_kunde%&email=%user_email%&tel=%tel_number%&date=%appointment_date%&choice=accept">Termin akzeptieren</a>
<br />
<br />
<a href="https://www.brodos.net/omnichannel/termin-bestaetigen/?url=https://weissenfels-my-extra.brodos.shop/&service=%service_name%&name1=%name_kunde%&email=%user_email%&tel=%tel_number%&date=%appointment_date%&choice=decline">Termin ablehnen</a>
<br />
<br />
Wenn du deinem Kunden einen alternativen Termin vorschlagen möchtest
<a href="https://www.brodos.net/omnichannel/termin-bestaetigen/?url=https://weissenfels-my-extra.brodos.shop/&service=%service_name%&name1=%name_kunde%&email=%user_email%&tel=%tel_number%&date=%appointment_date%&choice=accept%20with%20a%20different%20date"
>klicke hier.</a>

Hi,<br />
<br />
ein neuer Termin wurde gebucht:<br />
<br />
Service: %service_name%<br />
Kundenname: %name_kunde%<br />
E-Mail: %user_email%<br />
Telefonnummer: %tel_number%<br />
Datum und Uhrzeit: %appointment_date%<br />
<br />
<a href="https://www.brodos.net/omnichannel/termin-bestaetigen/?url=https://welovehandy.brodos.shop/&service=%service_name%&name1=%name_kunde%&email=%user_email%&tel=%tel_number%&date=%appointment_date%&choice=accept">Termin akzeptieren</a>
<br />
<br />
<a href="https://www.brodos.net/omnichannel/termin-bestaetigen/?url=https://welovehandy.brodos.shop/&service=%service_name%&name1=%name_kunde%&email=%user_email%&tel=%tel_number%&date=%appointment_date%&choice=decline">Termin ablehnen</a>
<br />
<br />
Wenn du deinem Kunden einen alternativen Termin vorschlagen möchtest
<a href="https://www.brodos.net/omnichannel/termin-bestaetigen/?url=https://welovehandy.brodos.shop/&service=%service_name%&name1=%name_kunde%&email=%user_email%&tel=%tel_number%&date=%appointment_date%&choice=accept%20with%20a%20different%20date"
>klicke hier.</a>

Hi,<br />
<br />
ein neuer Termin wurde gebucht:<br />
<br />
Service: %service_name%<br />
Kundenname: %name_kunde%<br />
E-Mail: %user_email%<br />
Telefonnummer: %tel_number%<br />
Datum und Uhrzeit: %appointment_date%<br />
<br />
<a href="https://www.brodos.net/omnichannel/termin-bestaetigen/?url=https://wodrich.brodos.shop/&service=%service_name%&name1=%name_kunde%&email=%user_email%&tel=%tel_number%&date=%appointment_date%&choice=accept">Termin akzeptieren</a>
<br />
<br />
<a href="https://www.brodos.net/omnichannel/termin-bestaetigen/?url=https://wodrich.brodos.shop/&service=%service_name%&name1=%name_kunde%&email=%user_email%&tel=%tel_number%&date=%appointment_date%&choice=decline">Termin ablehnen</a>
<br />
<br />
Wenn du deinem Kunden einen alternativen Termin vorschlagen möchtest
<a href="https://www.brodos.net/omnichannel/termin-bestaetigen/?url=https://wodrich.brodos.shop/&service=%service_name%&name1=%name_kunde%&email=%user_email%&tel=%tel_number%&date=%appointment_date%&choice=accept%20with%20a%20different%20date"
>klicke hier.</a>

Hi,<br />
<br />
ein neuer Termin wurde gebucht:<br />
<br />
Service: %service_name%<br />
Kundenname: %name_kunde%<br />
E-Mail: %user_email%<br />
Telefonnummer: %tel_number%<br />
Datum und Uhrzeit: %appointment_date%<br />
<br />
<a href="https://www.brodos.net/omnichannel/termin-bestaetigen/?url=https://world-of-system.brodos.shop/&service=%service_name%&name1=%name_kunde%&email=%user_email%&tel=%tel_number%&date=%appointment_date%&choice=accept">Termin akzeptieren</a>
<br />
<br />
<a href="https://www.brodos.net/omnichannel/termin-bestaetigen/?url=https://world-of-system.brodos.shop/&service=%service_name%&name1=%name_kunde%&email=%user_email%&tel=%tel_number%&date=%appointment_date%&choice=decline">Termin ablehnen</a>
<br />
<br />
Wenn du deinem Kunden einen alternativen Termin vorschlagen möchtest
<a href="https://www.brodos.net/omnichannel/termin-bestaetigen/?url=https://world-of-system.brodos.shop/&service=%service_name%&name1=%name_kunde%&email=%user_email%&tel=%tel_number%&date=%appointment_date%&choice=accept%20with%20a%20different%20date"
>klicke hier.</a>

Hi,<br />
<br />
ein neuer Termin wurde gebucht:<br />
<br />
Service: %service_name%<br />
Kundenname: %name_kunde%<br />
E-Mail: %user_email%<br />
Telefonnummer: %tel_number%<br />
Datum und Uhrzeit: %appointment_date%<br />
<br />
<a href="https://www.brodos.net/omnichannel/termin-bestaetigen/?url=https://wuttke-shop.de/&service=%service_name%&name1=%name_kunde%&email=%user_email%&tel=%tel_number%&date=%appointment_date%&choice=accept">Termin akzeptieren</a>
<br />
<br />
<a href="https://www.brodos.net/omnichannel/termin-bestaetigen/?url=https://wuttke-shop.de/&service=%service_name%&name1=%name_kunde%&email=%user_email%&tel=%tel_number%&date=%appointment_date%&choice=decline">Termin ablehnen</a>
<br />
<br />
Wenn du deinem Kunden einen alternativen Termin vorschlagen möchtest
<a href="https://www.brodos.net/omnichannel/termin-bestaetigen/?url=https://wuttke-shop.de/&service=%service_name%&name1=%name_kunde%&email=%user_email%&tel=%tel_number%&date=%appointment_date%&choice=accept%20with%20a%20different%20date"
>klicke hier.</a>

Hi,<br />
<br />
ein neuer Termin wurde gebucht:<br />
<br />
Service: %service_name%<br />
Kundenname: %name_kunde%<br />
E-Mail: %user_email%<br />
Telefonnummer: %tel_number%<br />
Datum und Uhrzeit: %appointment_date%<br />
<br />
<a href="https://www.brodos.net/omnichannel/termin-bestaetigen/?url=https://ww-communications.brodos.shop/&service=%service_name%&name1=%name_kunde%&email=%user_email%&tel=%tel_number%&date=%appointment_date%&choice=accept">Termin akzeptieren</a>
<br />
<br />
<a href="https://www.brodos.net/omnichannel/termin-bestaetigen/?url=https://ww-communications.brodos.shop/&service=%service_name%&name1=%name_kunde%&email=%user_email%&tel=%tel_number%&date=%appointment_date%&choice=decline">Termin ablehnen</a>
<br />
<br />
Wenn du deinem Kunden einen alternativen Termin vorschlagen möchtest
<a href="https://www.brodos.net/omnichannel/termin-bestaetigen/?url=https://ww-communications.brodos.shop/&service=%service_name%&name1=%name_kunde%&email=%user_email%&tel=%tel_number%&date=%appointment_date%&choice=accept%20with%20a%20different%20date"
>klicke hier.</a>

Hi,<br />
<br />
ein neuer Termin wurde gebucht:<br />
<br />
Service: %service_name%<br />
Kundenname: %name_kunde%<br />
E-Mail: %user_email%<br />
Telefonnummer: %tel_number%<br />
Datum und Uhrzeit: %appointment_date%<br />
<br />
<a href="https://www.brodos.net/omnichannel/termin-bestaetigen/?url=https://xanten-handywiese.de/&service=%service_name%&name1=%name_kunde%&email=%user_email%&tel=%tel_number%&date=%appointment_date%&choice=accept">Termin akzeptieren</a>
<br />
<br />
<a href="https://www.brodos.net/omnichannel/termin-bestaetigen/?url=https://xanten-handywiese.de/&service=%service_name%&name1=%name_kunde%&email=%user_email%&tel=%tel_number%&date=%appointment_date%&choice=decline">Termin ablehnen</a>
<br />
<br />
Wenn du deinem Kunden einen alternativen Termin vorschlagen möchtest
<a href="https://www.brodos.net/omnichannel/termin-bestaetigen/?url=https://xanten-handywiese.de/&service=%service_name%&name1=%name_kunde%&email=%user_email%&tel=%tel_number%&date=%appointment_date%&choice=accept%20with%20a%20different%20date"
>klicke hier.</a>

Hi,<br />
<br />
ein neuer Termin wurde gebucht:<br />
<br />
Service: %service_name%<br />
Kundenname: %name_kunde%<br />
E-Mail: %user_email%<br />
Telefonnummer: %tel_number%<br />
Datum und Uhrzeit: %appointment_date%<br />
<br />
<a href="https://www.brodos.net/omnichannel/termin-bestaetigen/?url=https://xtelone-shop.brodos.shop/&service=%service_name%&name1=%name_kunde%&email=%user_email%&tel=%tel_number%&date=%appointment_date%&choice=accept">Termin akzeptieren</a>
<br />
<br />
<a href="https://www.brodos.net/omnichannel/termin-bestaetigen/?url=https://xtelone-shop.brodos.shop/&service=%service_name%&name1=%name_kunde%&email=%user_email%&tel=%tel_number%&date=%appointment_date%&choice=decline">Termin ablehnen</a>
<br />
<br />
Wenn du deinem Kunden einen alternativen Termin vorschlagen möchtest
<a href="https://www.brodos.net/omnichannel/termin-bestaetigen/?url=https://xtelone-shop.brodos.shop/&service=%service_name%&name1=%name_kunde%&email=%user_email%&tel=%tel_number%&date=%appointment_date%&choice=accept%20with%20a%20different%20date"
>klicke hier.</a>

Hi,<br />
<br />
ein neuer Termin wurde gebucht:<br />
<br />
Service: %service_name%<br />
Kundenname: %name_kunde%<br />
E-Mail: %user_email%<br />
Telefonnummer: %tel_number%<br />
Datum und Uhrzeit: %appointment_date%<br />
<br />
<a href="https://www.brodos.net/omnichannel/termin-bestaetigen/?url=https://yellowcom.brodos.shop/&service=%service_name%&name1=%name_kunde%&email=%user_email%&tel=%tel_number%&date=%appointment_date%&choice=accept">Termin akzeptieren</a>
<br />
<br />
<a href="https://www.brodos.net/omnichannel/termin-bestaetigen/?url=https://yellowcom.brodos.shop/&service=%service_name%&name1=%name_kunde%&email=%user_email%&tel=%tel_number%&date=%appointment_date%&choice=decline">Termin ablehnen</a>
<br />
<br />
Wenn du deinem Kunden einen alternativen Termin vorschlagen möchtest
<a href="https://www.brodos.net/omnichannel/termin-bestaetigen/?url=https://yellowcom.brodos.shop/&service=%service_name%&name1=%name_kunde%&email=%user_email%&tel=%tel_number%&date=%appointment_date%&choice=accept%20with%20a%20different%20date"
>klicke hier.</a>

Hi,<br />
<br />
ein neuer Termin wurde gebucht:<br />
<br />
Service: %service_name%<br />
Kundenname: %name_kunde%<br />
E-Mail: %user_email%<br />
Telefonnummer: %tel_number%<br />
Datum und Uhrzeit: %appointment_date%<br />
<br />
<a href="https://www.brodos.net/omnichannel/termin-bestaetigen/?url=https://ze-shop.brodos.shop/&service=%service_name%&name1=%name_kunde%&email=%user_email%&tel=%tel_number%&date=%appointment_date%&choice=accept">Termin akzeptieren</a>
<br />
<br />
<a href="https://www.brodos.net/omnichannel/termin-bestaetigen/?url=https://ze-shop.brodos.shop/&service=%service_name%&name1=%name_kunde%&email=%user_email%&tel=%tel_number%&date=%appointment_date%&choice=decline">Termin ablehnen</a>
<br />
<br />
Wenn du deinem Kunden einen alternativen Termin vorschlagen möchtest
<a href="https://www.brodos.net/omnichannel/termin-bestaetigen/?url=https://ze-shop.brodos.shop/&service=%service_name%&name1=%name_kunde%&email=%user_email%&tel=%tel_number%&date=%appointment_date%&choice=accept%20with%20a%20different%20date"
>klicke hier.</a>

Hi,<br />
<br />
ein neuer Termin wurde gebucht:<br />
<br />
Service: %service_name%<br />
Kundenname: %name_kunde%<br />
E-Mail: %user_email%<br />
Telefonnummer: %tel_number%<br />
Datum und Uhrzeit: %appointment_date%<br />
<br />
<a href="https://www.brodos.net/omnichannel/termin-bestaetigen/?url=https://zepos.brodos.shop/&service=%service_name%&name1=%name_kunde%&email=%user_email%&tel=%tel_number%&date=%appointment_date%&choice=accept">Termin akzeptieren</a>
<br />
<br />
<a href="https://www.brodos.net/omnichannel/termin-bestaetigen/?url=https://zepos.brodos.shop/&service=%service_name%&name1=%name_kunde%&email=%user_email%&tel=%tel_number%&date=%appointment_date%&choice=decline">Termin ablehnen</a>
<br />
<br />
Wenn du deinem Kunden einen alternativen Termin vorschlagen möchtest
<a href="https://www.brodos.net/omnichannel/termin-bestaetigen/?url=https://zepos.brodos.shop/&service=%service_name%&name1=%name_kunde%&email=%user_email%&tel=%tel_number%&date=%appointment_date%&choice=accept%20with%20a%20different%20date"
>klicke hier.</a>
